appointment_id,customer_id,employee,service,category,appointment_date,revenue,month
1,C0283,Aisha,Nails,Nails,2025-01-25,166.85,2025-01
2,C0006,Sara,Waxing,Beauty,2025-01-03,121.69,2025-01
3,C0259,Nour,Waxing,Beauty,2025-01-06,143.99,2025-01
4,C0083,Aisha,Facial,Skin Care,2025-01-10,309.16,2025-01
5,C0051,Nour,Hair Color,Hair,2025-01-01,387.14,2025-01
6,C0288,Maya,Facial,Skin Care,2025-01-17,260.41,2025-01
7,C0250,Maya,Nails,Nails,2025-01-26,133.46,2025-01
8,C0268,Aisha,Nails,Nails,2025-01-18,171.15,2025-01
9,C0112,Nour,Facial,Skin Care,2025-01-27,292.97,2025-01
10,C0103,Rania,Facial,Skin Care,2025-01-19,307.0,2025-01
11,C0098,Maya,Facial,Skin Care,2025-01-18,334.09,2025-01
12,C0249,Rania,Nails,Nails,2025-01-02,150.47,2025-01
13,C0106,Lina,Nails,Nails,2025-01-23,175.3,2025-01
14,C0184,Aisha,Lashes,Beauty,2025-01-10,282.19,2025-01
15,C0069,Maya,Nails,Nails,2025-01-24,141.06,2025-01
16,C0043,Lina,Facial,Skin Care,2025-01-11,272.05,2025-01
17,C0095,Lina,Hair Styling,Hair,2025-01-23,161.12,2025-01
18,C0184,Aisha,Hair Styling,Hair,2025-01-08,193.38,2025-01
19,C0061,Maya,Waxing,Beauty,2025-01-18,121.91,2025-01
20,C0092,Maya,Hair Color,Hair,2025-01-18,477.8,2025-01
21,C0133,Aisha,Hair Styling,Hair,2025-01-01,158.59,2025-01
22,C0078,Maya,Nails,Nails,2025-01-17,174.45,2025-01
23,C0047,Aisha,Lashes,Beauty,2025-01-25,215.94,2025-01
24,C0048,Nour,Lashes,Beauty,2025-01-11,257.27,2025-01
25,C0113,Lina,Hair Styling,Hair,2025-01-08,207.7,2025-01
26,C0214,Rania,Hair Color,Hair,2025-01-24,387.77,2025-01
27,C0154,Rania,Facial,Skin Care,2025-01-24,274.15,2025-01
28,C0111,Rania,Hair Styling,Hair,2025-01-03,161.39,2025-01
29,C0294,Lina,Lashes,Beauty,2025-01-18,215.17,2025-01
30,C0028,Maya,Nails,Nails,2025-01-23,133.01,2025-01
31,C0126,Sara,Facial,Skin Care,2025-01-22,320.39,2025-01
32,C0068,Maya,Hair Color,Hair,2025-01-25,407.41,2025-01
33,C0228,Rania,Lashes,Beauty,2025-01-15,256.11,2025-01
34,C0236,Lina,Facial,Skin Care,2025-01-17,311.05,2025-01
35,C0282,Maya,Nails,Nails,2025-01-20,145.22,2025-01
36,C0229,Aisha,Hair Color,Hair,2025-01-06,430.24,2025-01
37,C0070,Sara,Hair Color,Hair,2025-01-06,371.96,2025-01
38,C0137,Lina,Waxing,Beauty,2025-01-24,105.69,2025-01
39,C0223,Rania,Nails,Nails,2025-01-04,149.05,2025-01
40,C0134,Rania,Nails,Nails,2025-01-04,178.4,2025-01
41,C0062,Aisha,Hair Color,Hair,2025-01-19,382.12,2025-01
42,C0173,Sara,Lashes,Beauty,2025-01-26,259.32,2025-01
43,C0275,Sara,Hair Color,Hair,2025-01-04,499.3,2025-01
44,C0001,Maya,Nails,Nails,2025-01-15,140.23,2025-01
45,C0259,Aisha,Lashes,Beauty,2025-01-11,220.14,2025-01
46,C0138,Sara,Nails,Nails,2025-01-05,151.35,2025-01
47,C0101,Aisha,Hair Color,Hair,2025-01-20,457.63,2025-01
48,C0038,Lina,Lashes,Beauty,2025-01-24,264.62,2025-01
49,C0236,Maya,Hair Color,Hair,2025-01-28,493.64,2025-01
50,C0076,Lina,Hair Styling,Hair,2025-01-09,199.04,2025-01
51,C0060,Nour,Hair Styling,Hair,2025-01-22,199.69,2025-01
52,C0286,Lina,Hair Styling,Hair,2025-01-14,203.1,2025-01
53,C0078,Maya,Hair Styling,Hair,2025-01-27,204.32,2025-01
54,C0089,Maya,Massage,Wellness,2025-01-10,288.2,2025-01
55,C0288,Lina,Waxing,Beauty,2025-01-14,120.44,2025-01
56,C0153,Aisha,Facial,Skin Care,2025-01-15,290.9,2025-01
57,C0104,Lina,Waxing,Beauty,2025-01-14,118.12,2025-01
58,C0179,Maya,Facial,Skin Care,2025-01-03,280.29,2025-01
59,C0231,Lina,Hair Styling,Hair,2025-01-01,203.02,2025-01
60,C0289,Rania,Lashes,Beauty,2025-01-01,225.77,2025-01
61,C0123,Maya,Hair Color,Hair,2025-01-05,461.97,2025-01
62,C0228,Nour,Hair Color,Hair,2025-01-15,477.72,2025-01
63,C0261,Nour,Hair Styling,Hair,2025-01-08,178.03,2025-01
64,C0095,Lina,Hair Color,Hair,2025-01-02,463.17,2025-01
65,C0283,Nour,Lashes,Beauty,2025-01-11,259.99,2025-01
66,C0038,Rania,Waxing,Beauty,2025-01-08,142.28,2025-01
67,C0218,Nour,Nails,Nails,2025-01-14,151.76,2025-01
68,C0111,Sara,Hair Styling,Hair,2025-01-01,159.35,2025-01
69,C0133,Nour,Facial,Skin Care,2025-01-16,248.02,2025-01
70,C0287,Maya,Lashes,Beauty,2025-01-28,225.85,2025-01
71,C0296,Aisha,Hair Styling,Hair,2025-01-14,157.87,2025-01
72,C0101,Nour,Massage,Wellness,2025-01-14,302.34,2025-01
73,C0001,Rania,Hair Styling,Hair,2025-01-23,164.74,2025-01
74,C0137,Maya,Nails,Nails,2025-01-21,158.54,2025-01
75,C0291,Sara,Waxing,Beauty,2025-01-09,102.19,2025-01
76,C0210,Lina,Facial,Skin Care,2025-01-02,328.15,2025-01
77,C0251,Lina,Lashes,Beauty,2025-01-11,252.07,2025-01
78,C0198,Nour,Hair Color,Hair,2025-01-20,441.91,2025-01
79,C0150,Maya,Massage,Wellness,2025-01-11,293.05,2025-01
80,C0084,Aisha,Hair Styling,Hair,2025-01-07,194.8,2025-01
81,C0063,Nour,Hair Styling,Hair,2025-01-28,179.12,2025-01
82,C0215,Lina,Hair Color,Hair,2025-01-13,401.04,2025-01
83,C0286,Lina,Hair Color,Hair,2025-01-17,489.01,2025-01
84,C0194,Rania,Hair Styling,Hair,2025-01-15,201.86,2025-01
85,C0132,Aisha,Nails,Nails,2025-01-06,148.54,2025-01
86,C0288,Maya,Hair Color,Hair,2025-01-03,368.1,2025-01
87,C0087,Sara,Hair Color,Hair,2025-01-28,451.67,2025-01
88,C0247,Lina,Waxing,Beauty,2025-01-08,138.41,2025-01
89,C0054,Aisha,Hair Color,Hair,2025-01-08,455.77,2025-01
90,C0092,Maya,Lashes,Beauty,2025-01-01,228.12,2025-01
91,C0165,Rania,Waxing,Beauty,2025-01-24,143.53,2025-01
92,C0007,Maya,Hair Color,Hair,2025-01-16,400.09,2025-01
93,C0112,Nour,Hair Styling,Hair,2025-01-19,166.1,2025-01
94,C0002,Aisha,Waxing,Beauty,2025-01-18,129.0,2025-01
95,C0195,Sara,Waxing,Beauty,2025-01-10,116.36,2025-01
96,C0226,Nour,Waxing,Beauty,2025-01-09,116.5,2025-01
97,C0280,Aisha,Hair Color,Hair,2025-01-22,496.42,2025-01
98,C0215,Aisha,Waxing,Beauty,2025-01-14,122.47,2025-01
99,C0040,Maya,Nails,Nails,2025-01-09,154.4,2025-01
100,C0278,Lina,Facial,Skin Care,2025-01-22,263.27,2025-01
101,C0098,Nour,Nails,Nails,2025-01-13,134.44,2025-01
102,C0042,Sara,Hair Styling,Hair,2025-01-21,210.6,2025-01
103,C0153,Rania,Nails,Nails,2025-01-05,131.03,2025-01
104,C0027,Aisha,Waxing,Beauty,2025-01-10,110.67,2025-01
105,C0268,Nour,Hair Color,Hair,2025-01-02,464.63,2025-01
106,C0190,Maya,Lashes,Beauty,2025-01-13,227.84,2025-01
107,C0193,Lina,Nails,Nails,2025-01-22,146.08,2025-01
108,C0267,Lina,Hair Styling,Hair,2025-01-21,201.57,2025-01
109,C0232,Lina,Nails,Nails,2025-01-07,165.25,2025-01
110,C0246,Rania,Massage,Wellness,2025-01-24,296.65,2025-01
111,C0239,Sara,Lashes,Beauty,2025-01-04,231.31,2025-01
112,C0201,Maya,Hair Styling,Hair,2025-01-17,206.02,2025-01
113,C0017,Aisha,Nails,Nails,2025-01-08,145.58,2025-01
114,C0025,Lina,Nails,Nails,2025-01-10,163.64,2025-01
115,C0102,Maya,Waxing,Beauty,2025-01-12,135.58,2025-01
116,C0017,Maya,Hair Styling,Hair,2025-01-27,172.82,2025-01
117,C0080,Lina,Lashes,Beauty,2025-01-12,258.11,2025-01
118,C0198,Aisha,Lashes,Beauty,2025-01-23,283.07,2025-01
119,C0026,Maya,Massage,Wellness,2025-01-27,322.9,2025-01
120,C0086,Maya,Facial,Skin Care,2025-01-26,335.94,2025-01
121,C0137,Lina,Hair Color,Hair,2025-01-07,374.72,2025-01
122,C0082,Rania,Massage,Wellness,2025-01-23,356.96,2025-01
123,C0103,Aisha,Hair Styling,Hair,2025-01-27,181.67,2025-01
124,C0188,Nour,Facial,Skin Care,2025-01-12,273.74,2025-01
125,C0183,Sara,Hair Styling,Hair,2025-01-08,196.87,2025-01
126,C0210,Aisha,Facial,Skin Care,2025-01-04,316.79,2025-01
127,C0227,Maya,Waxing,Beauty,2025-01-02,127.87,2025-01
128,C0141,Maya,Massage,Wellness,2025-01-13,255.02,2025-01
129,C0029,Rania,Massage,Wellness,2025-01-07,338.87,2025-01
130,C0185,Sara,Hair Styling,Hair,2025-01-12,155.37,2025-01
131,C0065,Rania,Massage,Wellness,2025-01-25,335.67,2025-01
132,C0158,Maya,Hair Styling,Hair,2025-01-24,182.44,2025-01
133,C0193,Nour,Hair Color,Hair,2025-01-25,391.34,2025-01
134,C0140,Lina,Massage,Wellness,2025-01-17,299.92,2025-01
135,C0198,Rania,Massage,Wellness,2025-01-11,337.57,2025-01
136,C0153,Sara,Facial,Skin Care,2025-01-02,326.56,2025-01
137,C0243,Nour,Hair Styling,Hair,2025-01-22,178.3,2025-01
138,C0218,Aisha,Hair Styling,Hair,2025-01-25,155.96,2025-01
139,C0005,Nour,Hair Color,Hair,2025-01-06,471.6,2025-01
140,C0099,Sara,Facial,Skin Care,2025-01-09,259.2,2025-01
141,C0178,Maya,Massage,Wellness,2025-01-10,273.26,2025-01
142,C0269,Nour,Lashes,Beauty,2025-01-03,225.97,2025-01
143,C0098,Lina,Facial,Skin Care,2025-01-14,296.11,2025-01
144,C0029,Aisha,Waxing,Beauty,2025-01-28,113.16,2025-01
145,C0009,Aisha,Hair Styling,Hair,2025-01-10,206.69,2025-01
146,C0124,Rania,Facial,Skin Care,2025-01-24,246.52,2025-01
147,C0037,Sara,Hair Color,Hair,2025-01-26,463.34,2025-01
148,C0081,Maya,Hair Styling,Hair,2025-01-13,209.35,2025-01
149,C0186,Lina,Nails,Nails,2025-01-19,152.73,2025-01
150,C0237,Aisha,Hair Color,Hair,2025-01-27,456.67,2025-01
151,C0092,Aisha,Waxing,Beauty,2025-01-08,135.49,2025-01
152,C0045,Aisha,Hair Styling,Hair,2025-01-13,163.11,2025-01
153,C0188,Nour,Massage,Wellness,2025-01-27,266.11,2025-01
154,C0031,Maya,Waxing,Beauty,2025-01-19,138.62,2025-01
155,C0082,Sara,Hair Styling,Hair,2025-01-07,174.11,2025-01
156,C0295,Maya,Facial,Skin Care,2025-01-12,312.15,2025-01
157,C0233,Aisha,Hair Color,Hair,2025-01-17,447.69,2025-01
158,C0163,Rania,Hair Styling,Hair,2025-01-24,176.73,2025-01
159,C0224,Maya,Hair Color,Hair,2025-01-09,359.71,2025-01
160,C0278,Sara,Hair Color,Hair,2025-01-05,450.0,2025-01
161,C0219,Aisha,Hair Styling,Hair,2025-01-04,201.56,2025-01
162,C0193,Rania,Lashes,Beauty,2025-01-22,274.5,2025-01
163,C0270,Nour,Facial,Skin Care,2025-01-18,242.48,2025-01
164,C0007,Nour,Nails,Nails,2025-01-20,161.5,2025-01
165,C0058,Maya,Hair Styling,Hair,2025-01-15,173.39,2025-01
166,C0099,Nour,Hair Styling,Hair,2025-01-04,182.52,2025-01
167,C0288,Maya,Waxing,Beauty,2025-01-11,124.14,2025-01
168,C0027,Lina,Lashes,Beauty,2025-01-11,232.63,2025-01
169,C0021,Nour,Massage,Wellness,2025-01-28,270.86,2025-01
170,C0257,Maya,Facial,Skin Care,2025-01-25,276.96,2025-01
171,C0281,Sara,Waxing,Beauty,2025-01-03,111.66,2025-01
172,C0072,Sara,Facial,Skin Care,2025-01-27,284.21,2025-01
173,C0008,Lina,Hair Color,Hair,2025-01-21,484.69,2025-01
174,C0181,Sara,Waxing,Beauty,2025-01-03,133.96,2025-01
175,C0153,Rania,Massage,Wellness,2025-01-15,274.47,2025-01
176,C0228,Aisha,Hair Styling,Hair,2025-01-12,160.89,2025-01
177,C0117,Maya,Hair Color,Hair,2025-01-22,429.26,2025-01
178,C0209,Nour,Lashes,Beauty,2025-01-13,239.66,2025-01
179,C0095,Rania,Hair Styling,Hair,2025-01-14,177.73,2025-01
180,C0102,Aisha,Hair Color,Hair,2025-01-01,459.16,2025-01
181,C0041,Aisha,Hair Styling,Hair,2025-01-24,183.27,2025-01
182,C0080,Rania,Hair Styling,Hair,2025-01-15,188.97,2025-01
183,C0242,Sara,Facial,Skin Care,2025-01-10,306.84,2025-01
184,C0077,Sara,Hair Styling,Hair,2025-01-09,186.66,2025-01
185,C0090,Rania,Nails,Nails,2025-01-06,144.41,2025-01
186,C0123,Rania,Lashes,Beauty,2025-01-10,284.38,2025-01
187,C0204,Maya,Facial,Skin Care,2025-01-09,298.43,2025-01
188,C0251,Lina,Facial,Skin Care,2025-01-15,314.78,2025-01
189,C0022,Maya,Waxing,Beauty,2025-01-26,125.0,2025-01
190,C0014,Lina,Nails,Nails,2025-01-28,129.64,2025-01
191,C0025,Nour,Lashes,Beauty,2025-01-12,264.41,2025-01
192,C0173,Nour,Facial,Skin Care,2025-01-14,270.24,2025-01
193,C0300,Maya,Lashes,Beauty,2025-01-19,270.14,2025-01
194,C0059,Lina,Lashes,Beauty,2025-02-24,232.49,2025-02
195,C0207,Aisha,Hair Styling,Hair,2025-02-22,178.41,2025-02
196,C0159,Maya,Waxing,Beauty,2025-02-21,109.32,2025-02
197,C0220,Sara,Lashes,Beauty,2025-02-04,249.73,2025-02
198,C0177,Lina,Lashes,Beauty,2025-02-18,256.67,2025-02
199,C0228,Maya,Facial,Skin Care,2025-02-21,280.98,2025-02
200,C0243,Lina,Facial,Skin Care,2025-02-07,315.71,2025-02
201,C0237,Maya,Hair Color,Hair,2025-02-03,409.8,2025-02
202,C0282,Sara,Facial,Skin Care,2025-02-03,309.85,2025-02
203,C0014,Rania,Massage,Wellness,2025-02-12,273.87,2025-02
204,C0041,Rania,Nails,Nails,2025-02-06,149.18,2025-02
205,C0231,Aisha,Hair Styling,Hair,2025-02-14,178.52,2025-02
206,C0028,Maya,Lashes,Beauty,2025-02-17,220.84,2025-02
207,C0164,Nour,Waxing,Beauty,2025-02-01,102.38,2025-02
208,C0195,Rania,Hair Color,Hair,2025-02-10,391.5,2025-02
209,C0257,Nour,Hair Styling,Hair,2025-02-10,185.75,2025-02
210,C0064,Rania,Hair Color,Hair,2025-02-01,447.72,2025-02
211,C0175,Nour,Hair Styling,Hair,2025-02-05,155.31,2025-02
212,C0044,Sara,Facial,Skin Care,2025-02-24,314.62,2025-02
213,C0130,Aisha,Waxing,Beauty,2025-02-27,125.44,2025-02
214,C0119,Lina,Facial,Skin Care,2025-02-01,329.79,2025-02
215,C0161,Aisha,Nails,Nails,2025-02-05,176.53,2025-02
216,C0181,Maya,Facial,Skin Care,2025-02-20,305.44,2025-02
217,C0217,Maya,Massage,Wellness,2025-02-02,255.52,2025-02
218,C0178,Sara,Massage,Wellness,2025-02-24,315.91,2025-02
219,C0234,Sara,Facial,Skin Care,2025-02-13,250.32,2025-02
220,C0264,Nour,Lashes,Beauty,2025-02-01,297.37,2025-02
221,C0175,Maya,Nails,Nails,2025-02-22,173.08,2025-02
222,C0114,Maya,Lashes,Beauty,2025-02-11,298.13,2025-02
223,C0076,Lina,Facial,Skin Care,2025-02-08,323.15,2025-02
224,C0001,Lina,Massage,Wellness,2025-02-01,327.4,2025-02
225,C0069,Aisha,Massage,Wellness,2025-02-16,341.82,2025-02
226,C0192,Rania,Hair Styling,Hair,2025-02-18,194.44,2025-02
227,C0176,Nour,Hair Color,Hair,2025-02-25,484.37,2025-02
228,C0098,Nour,Lashes,Beauty,2025-02-09,262.11,2025-02
229,C0082,Nour,Lashes,Beauty,2025-02-19,293.5,2025-02
230,C0129,Rania,Lashes,Beauty,2025-02-11,250.61,2025-02
231,C0065,Sara,Facial,Skin Care,2025-02-15,238.56,2025-02
232,C0093,Aisha,Facial,Skin Care,2025-02-19,293.22,2025-02
233,C0102,Maya,Facial,Skin Care,2025-02-03,291.48,2025-02
234,C0265,Lina,Facial,Skin Care,2025-02-14,254.51,2025-02
235,C0117,Nour,Facial,Skin Care,2025-02-02,331.24,2025-02
236,C0293,Sara,Hair Color,Hair,2025-02-02,412.89,2025-02
237,C0021,Lina,Nails,Nails,2025-02-23,148.2,2025-02
238,C0281,Sara,Hair Styling,Hair,2025-02-28,193.79,2025-02
239,C0141,Rania,Massage,Wellness,2025-02-21,261.33,2025-02
240,C0052,Rania,Hair Color,Hair,2025-02-04,381.45,2025-02
241,C0136,Maya,Hair Color,Hair,2025-02-03,475.04,2025-02
242,C0077,Sara,Facial,Skin Care,2025-02-17,308.18,2025-02
243,C0108,Maya,Waxing,Beauty,2025-02-07,123.94,2025-02
244,C0241,Maya,Lashes,Beauty,2025-02-24,228.65,2025-02
245,C0263,Rania,Hair Color,Hair,2025-02-20,491.91,2025-02
246,C0047,Lina,Facial,Skin Care,2025-02-10,242.25,2025-02
247,C0214,Sara,Hair Styling,Hair,2025-02-21,193.19,2025-02
248,C0121,Nour,Hair Color,Hair,2025-02-10,388.17,2025-02
249,C0154,Lina,Massage,Wellness,2025-02-17,335.84,2025-02
250,C0100,Sara,Lashes,Beauty,2025-02-19,236.55,2025-02
251,C0164,Maya,Lashes,Beauty,2025-02-19,283.33,2025-02
252,C0049,Lina,Nails,Nails,2025-02-15,158.3,2025-02
253,C0150,Nour,Waxing,Beauty,2025-02-21,121.86,2025-02
254,C0138,Aisha,Facial,Skin Care,2025-02-11,297.5,2025-02
255,C0258,Lina,Nails,Nails,2025-02-25,158.71,2025-02
256,C0125,Aisha,Facial,Skin Care,2025-02-10,304.23,2025-02
257,C0019,Sara,Lashes,Beauty,2025-02-28,299.23,2025-02
258,C0109,Rania,Lashes,Beauty,2025-02-07,263.11,2025-02
259,C0073,Aisha,Hair Color,Hair,2025-02-04,451.86,2025-02
260,C0269,Aisha,Hair Color,Hair,2025-02-04,409.18,2025-02
261,C0027,Nour,Waxing,Beauty,2025-02-12,130.12,2025-02
262,C0300,Nour,Hair Color,Hair,2025-02-03,444.14,2025-02
263,C0215,Sara,Nails,Nails,2025-02-02,137.49,2025-02
264,C0286,Sara,Lashes,Beauty,2025-02-02,261.31,2025-02
265,C0287,Aisha,Hair Styling,Hair,2025-02-04,188.42,2025-02
266,C0055,Sara,Hair Styling,Hair,2025-02-25,178.8,2025-02
267,C0003,Rania,Hair Color,Hair,2025-02-20,454.74,2025-02
268,C0118,Nour,Hair Color,Hair,2025-02-08,415.7,2025-02
269,C0121,Rania,Lashes,Beauty,2025-02-01,279.75,2025-02
270,C0231,Aisha,Nails,Nails,2025-02-18,160.24,2025-02
271,C0226,Nour,Facial,Skin Care,2025-02-20,287.67,2025-02
272,C0237,Maya,Hair Styling,Hair,2025-02-18,172.1,2025-02
273,C0180,Rania,Nails,Nails,2025-02-25,145.68,2025-02
274,C0262,Lina,Nails,Nails,2025-02-23,159.03,2025-02
275,C0101,Sara,Lashes,Beauty,2025-02-28,262.78,2025-02
276,C0166,Maya,Hair Color,Hair,2025-02-10,493.8,2025-02
277,C0158,Rania,Facial,Skin Care,2025-02-10,304.08,2025-02
278,C0014,Aisha,Waxing,Beauty,2025-02-20,135.18,2025-02
279,C0130,Lina,Hair Color,Hair,2025-02-27,360.37,2025-02
280,C0025,Maya,Hair Color,Hair,2025-02-10,500.41,2025-02
281,C0095,Rania,Hair Styling,Hair,2025-02-04,207.31,2025-02
282,C0025,Nour,Hair Styling,Hair,2025-02-14,209.59,2025-02
283,C0025,Sara,Nails,Nails,2025-02-02,131.08,2025-02
284,C0141,Rania,Hair Styling,Hair,2025-02-28,201.93,2025-02
285,C0160,Nour,Waxing,Beauty,2025-02-06,113.67,2025-02
286,C0287,Lina,Hair Styling,Hair,2025-02-23,190.96,2025-02
287,C0130,Rania,Facial,Skin Care,2025-02-25,256.79,2025-02
288,C0083,Aisha,Massage,Wellness,2025-02-24,261.07,2025-02
289,C0263,Sara,Hair Styling,Hair,2025-02-14,160.65,2025-02
290,C0273,Nour,Facial,Skin Care,2025-02-08,300.05,2025-02
291,C0124,Rania,Facial,Skin Care,2025-02-20,268.01,2025-02
292,C0191,Rania,Nails,Nails,2025-02-20,134.36,2025-02
293,C0092,Rania,Facial,Skin Care,2025-02-27,272.72,2025-02
294,C0133,Rania,Waxing,Beauty,2025-02-22,132.81,2025-02
295,C0246,Rania,Hair Color,Hair,2025-02-21,376.67,2025-02
296,C0065,Nour,Hair Color,Hair,2025-02-26,468.76,2025-02
297,C0181,Maya,Hair Styling,Hair,2025-02-21,168.2,2025-02
298,C0188,Lina,Hair Styling,Hair,2025-02-17,155.69,2025-02
299,C0117,Maya,Nails,Nails,2025-02-23,171.83,2025-02
300,C0252,Maya,Hair Styling,Hair,2025-02-16,207.47,2025-02
301,C0042,Nour,Nails,Nails,2025-02-20,147.23,2025-02
302,C0120,Aisha,Massage,Wellness,2025-02-17,268.98,2025-02
303,C0029,Aisha,Massage,Wellness,2025-02-16,339.93,2025-02
304,C0232,Nour,Waxing,Beauty,2025-02-28,103.61,2025-02
305,C0214,Aisha,Waxing,Beauty,2025-02-08,122.81,2025-02
306,C0173,Lina,Facial,Skin Care,2025-02-24,244.53,2025-02
307,C0101,Nour,Hair Styling,Hair,2025-02-23,215.26,2025-02
308,C0109,Lina,Hair Styling,Hair,2025-02-01,200.01,2025-02
309,C0148,Nour,Hair Styling,Hair,2025-02-05,153.76,2025-02
310,C0139,Sara,Nails,Nails,2025-02-04,151.75,2025-02
311,C0051,Lina,Lashes,Beauty,2025-02-28,270.37,2025-02
312,C0008,Maya,Nails,Nails,2025-02-22,156.35,2025-02
313,C0223,Aisha,Hair Styling,Hair,2025-02-28,158.18,2025-02
314,C0049,Sara,Massage,Wellness,2025-02-03,325.07,2025-02
315,C0217,Maya,Facial,Skin Care,2025-02-09,313.91,2025-02
316,C0149,Sara,Nails,Nails,2025-02-10,174.53,2025-02
317,C0269,Nour,Hair Color,Hair,2025-02-22,501.06,2025-02
318,C0226,Lina,Massage,Wellness,2025-02-28,309.68,2025-02
319,C0183,Aisha,Hair Styling,Hair,2025-02-18,159.98,2025-02
320,C0114,Rania,Nails,Nails,2025-02-28,150.18,2025-02
321,C0288,Lina,Hair Color,Hair,2025-02-12,493.46,2025-02
322,C0122,Rania,Waxing,Beauty,2025-02-03,129.12,2025-02
323,C0018,Nour,Waxing,Beauty,2025-02-09,137.55,2025-02
324,C0238,Sara,Lashes,Beauty,2025-02-08,252.8,2025-02
325,C0235,Aisha,Hair Styling,Hair,2025-02-22,173.16,2025-02
326,C0258,Nour,Massage,Wellness,2025-02-18,259.53,2025-02
327,C0095,Lina,Lashes,Beauty,2025-02-18,220.54,2025-02
328,C0171,Nour,Hair Styling,Hair,2025-02-22,174.57,2025-02
329,C0019,Nour,Facial,Skin Care,2025-02-22,287.82,2025-02
330,C0128,Nour,Hair Styling,Hair,2025-02-25,189.36,2025-02
331,C0072,Aisha,Hair Styling,Hair,2025-02-16,182.08,2025-02
332,C0104,Lina,Lashes,Beauty,2025-02-04,289.63,2025-02
333,C0010,Nour,Nails,Nails,2025-02-11,169.5,2025-02
334,C0066,Aisha,Lashes,Beauty,2025-02-27,266.4,2025-02
335,C0086,Maya,Nails,Nails,2025-02-04,155.78,2025-02
336,C0014,Aisha,Lashes,Beauty,2025-02-17,215.59,2025-02
337,C0243,Rania,Massage,Wellness,2025-02-11,293.63,2025-02
338,C0111,Nour,Waxing,Beauty,2025-02-04,143.85,2025-02
339,C0227,Maya,Facial,Skin Care,2025-02-22,314.48,2025-02
340,C0202,Rania,Nails,Nails,2025-02-08,149.16,2025-02
341,C0020,Aisha,Hair Styling,Hair,2025-02-13,164.42,2025-02
342,C0003,Nour,Facial,Skin Care,2025-02-14,285.14,2025-02
343,C0254,Maya,Facial,Skin Care,2025-02-04,293.03,2025-02
344,C0060,Lina,Facial,Skin Care,2025-02-28,297.01,2025-02
345,C0152,Nour,Nails,Nails,2025-02-22,131.55,2025-02
346,C0192,Lina,Lashes,Beauty,2025-02-21,298.42,2025-02
347,C0113,Aisha,Nails,Nails,2025-02-23,135.24,2025-02
348,C0251,Lina,Hair Styling,Hair,2025-02-27,166.9,2025-02
349,C0198,Sara,Lashes,Beauty,2025-02-01,238.7,2025-02
350,C0198,Rania,Nails,Nails,2025-02-15,136.86,2025-02
351,C0061,Maya,Lashes,Beauty,2025-02-26,277.25,2025-02
352,C0254,Rania,Hair Color,Hair,2025-02-17,360.85,2025-02
353,C0051,Nour,Hair Color,Hair,2025-02-13,433.16,2025-02
354,C0069,Nour,Hair Styling,Hair,2025-02-26,206.72,2025-02
355,C0074,Nour,Nails,Nails,2025-02-21,152.75,2025-02
356,C0295,Maya,Lashes,Beauty,2025-02-07,267.73,2025-02
357,C0297,Rania,Massage,Wellness,2025-02-04,336.92,2025-02
358,C0031,Sara,Hair Color,Hair,2025-02-25,376.31,2025-02
359,C0106,Rania,Facial,Skin Care,2025-02-24,331.75,2025-02
360,C0220,Rania,Hair Styling,Hair,2025-02-23,170.37,2025-02
361,C0106,Aisha,Hair Color,Hair,2025-02-22,396.98,2025-02
362,C0228,Lina,Lashes,Beauty,2025-02-13,218.22,2025-02
363,C0021,Sara,Hair Styling,Hair,2025-02-25,210.11,2025-02
364,C0127,Maya,Hair Color,Hair,2025-02-06,470.46,2025-02
365,C0143,Nour,Lashes,Beauty,2025-02-24,260.48,2025-02
366,C0165,Maya,Hair Styling,Hair,2025-02-14,179.38,2025-02
367,C0218,Nour,Massage,Wellness,2025-02-23,270.22,2025-02
368,C0161,Maya,Facial,Skin Care,2025-02-25,283.47,2025-02
369,C0086,Aisha,Lashes,Beauty,2025-02-25,249.07,2025-02
370,C0028,Maya,Nails,Nails,2025-02-02,133.53,2025-02
371,C0017,Maya,Facial,Skin Care,2025-02-17,315.59,2025-02
372,C0005,Maya,Hair Styling,Hair,2025-02-01,181.87,2025-02
373,C0098,Lina,Lashes,Beauty,2025-02-10,231.41,2025-02
374,C0294,Sara,Facial,Skin Care,2025-02-24,291.45,2025-02
375,C0049,Nour,Nails,Nails,2025-02-19,178.85,2025-02
376,C0214,Nour,Hair Styling,Hair,2025-02-14,173.8,2025-02
377,C0168,Maya,Facial,Skin Care,2025-02-14,253.84,2025-02
378,C0248,Rania,Lashes,Beauty,2025-02-02,261.32,2025-02
379,C0227,Rania,Hair Color,Hair,2025-02-10,398.52,2025-02
380,C0178,Lina,Nails,Nails,2025-02-27,151.21,2025-02
381,C0268,Maya,Lashes,Beauty,2025-02-24,296.89,2025-02
382,C0164,Nour,Hair Styling,Hair,2025-02-09,175.47,2025-02
383,C0238,Maya,Facial,Skin Care,2025-02-15,316.2,2025-02
384,C0263,Lina,Hair Styling,Hair,2025-02-12,196.84,2025-02
385,C0040,Rania,Nails,Nails,2025-02-11,174.6,2025-02
386,C0101,Sara,Hair Styling,Hair,2025-02-08,165.73,2025-02
387,C0246,Lina,Waxing,Beauty,2025-02-06,115.15,2025-02
388,C0016,Aisha,Waxing,Beauty,2025-02-14,135.75,2025-02
389,C0158,Nour,Nails,Nails,2025-02-21,179.17,2025-02
390,C0223,Lina,Hair Color,Hair,2025-02-26,503.57,2025-02
391,C0131,Aisha,Hair Styling,Hair,2025-02-25,153.79,2025-02
392,C0133,Lina,Hair Styling,Hair,2025-02-26,204.85,2025-02
393,C0134,Lina,Hair Color,Hair,2025-02-20,483.15,2025-02
394,C0213,Maya,Lashes,Beauty,2025-02-02,298.96,2025-02
395,C0277,Sara,Waxing,Beauty,2025-02-26,138.95,2025-02
396,C0163,Sara,Waxing,Beauty,2025-02-21,106.23,2025-02
397,C0075,Aisha,Massage,Wellness,2025-02-18,332.67,2025-02
398,C0108,Lina,Nails,Nails,2025-02-17,157.81,2025-02
399,C0212,Nour,Waxing,Beauty,2025-02-01,112.67,2025-02
400,C0248,Sara,Lashes,Beauty,2025-02-08,240.95,2025-02
401,C0124,Aisha,Lashes,Beauty,2025-02-20,227.12,2025-02
402,C0004,Maya,Waxing,Beauty,2025-02-03,113.73,2025-02
403,C0227,Aisha,Nails,Nails,2025-02-21,143.53,2025-02
404,C0039,Aisha,Hair Color,Hair,2025-02-14,453.01,2025-02
405,C0115,Aisha,Lashes,Beauty,2025-02-18,270.69,2025-02
406,C0091,Maya,Waxing,Beauty,2025-02-27,102.01,2025-02
407,C0190,Lina,Nails,Nails,2025-02-04,151.67,2025-02
408,C0281,Rania,Massage,Wellness,2025-03-20,266.63,2025-03
409,C0083,Rania,Massage,Wellness,2025-03-16,284.4,2025-03
410,C0284,Sara,Massage,Wellness,2025-03-09,334.17,2025-03
411,C0251,Sara,Massage,Wellness,2025-03-09,320.24,2025-03
412,C0120,Rania,Waxing,Beauty,2025-03-15,113.82,2025-03
413,C0286,Aisha,Hair Styling,Hair,2025-03-17,157.31,2025-03
414,C0142,Lina,Hair Styling,Hair,2025-03-25,182.53,2025-03
415,C0222,Aisha,Hair Styling,Hair,2025-03-14,167.26,2025-03
416,C0002,Aisha,Hair Styling,Hair,2025-03-08,209.88,2025-03
417,C0127,Nour,Hair Color,Hair,2025-03-24,407.04,2025-03
418,C0035,Lina,Waxing,Beauty,2025-03-12,113.98,2025-03
419,C0276,Nour,Massage,Wellness,2025-03-21,344.85,2025-03
420,C0035,Aisha,Facial,Skin Care,2025-03-09,249.26,2025-03
421,C0076,Rania,Hair Styling,Hair,2025-03-08,213.22,2025-03
422,C0093,Rania,Lashes,Beauty,2025-03-26,265.17,2025-03
423,C0157,Lina,Facial,Skin Care,2025-03-20,299.87,2025-03
424,C0260,Rania,Hair Color,Hair,2025-03-28,432.32,2025-03
425,C0194,Maya,Lashes,Beauty,2025-03-12,297.44,2025-03
426,C0087,Rania,Nails,Nails,2025-03-08,179.15,2025-03
427,C0061,Sara,Hair Styling,Hair,2025-03-17,169.03,2025-03
428,C0093,Nour,Facial,Skin Care,2025-03-19,326.92,2025-03
429,C0237,Sara,Nails,Nails,2025-03-03,137.8,2025-03
430,C0049,Rania,Hair Color,Hair,2025-03-06,432.94,2025-03
431,C0090,Nour,Hair Styling,Hair,2025-03-20,205.5,2025-03
432,C0233,Aisha,Nails,Nails,2025-03-10,138.97,2025-03
433,C0277,Lina,Waxing,Beauty,2025-03-17,113.95,2025-03
434,C0192,Lina,Waxing,Beauty,2025-03-07,126.14,2025-03
435,C0045,Aisha,Hair Styling,Hair,2025-03-14,181.39,2025-03
436,C0109,Sara,Nails,Nails,2025-03-08,165.82,2025-03
437,C0103,Sara,Lashes,Beauty,2025-03-26,238.46,2025-03
438,C0174,Rania,Waxing,Beauty,2025-03-27,102.07,2025-03
439,C0146,Maya,Hair Color,Hair,2025-03-15,365.75,2025-03
440,C0082,Nour,Lashes,Beauty,2025-03-04,282.53,2025-03
441,C0113,Aisha,Hair Styling,Hair,2025-03-20,179.39,2025-03
442,C0258,Nour,Nails,Nails,2025-03-09,144.36,2025-03
443,C0266,Rania,Lashes,Beauty,2025-03-11,244.17,2025-03
444,C0039,Sara,Facial,Skin Care,2025-03-25,327.5,2025-03
445,C0002,Nour,Hair Styling,Hair,2025-03-21,193.19,2025-03
446,C0258,Aisha,Hair Styling,Hair,2025-03-08,186.64,2025-03
447,C0213,Rania,Lashes,Beauty,2025-03-11,259.09,2025-03
448,C0294,Sara,Facial,Skin Care,2025-03-23,271.63,2025-03
449,C0099,Nour,Nails,Nails,2025-03-04,172.22,2025-03
450,C0030,Sara,Hair Color,Hair,2025-03-26,402.03,2025-03
451,C0156,Sara,Hair Color,Hair,2025-03-03,413.48,2025-03
452,C0075,Maya,Massage,Wellness,2025-03-08,300.25,2025-03
453,C0167,Maya,Nails,Nails,2025-03-28,128.94,2025-03
454,C0056,Aisha,Hair Styling,Hair,2025-03-04,180.12,2025-03
455,C0126,Lina,Hair Color,Hair,2025-03-10,379.71,2025-03
456,C0176,Sara,Hair Color,Hair,2025-03-05,456.54,2025-03
457,C0113,Nour,Facial,Skin Care,2025-03-04,292.85,2025-03
458,C0067,Lina,Massage,Wellness,2025-03-24,278.99,2025-03
459,C0234,Lina,Hair Styling,Hair,2025-03-14,159.26,2025-03
460,C0245,Rania,Hair Styling,Hair,2025-03-15,200.64,2025-03
461,C0170,Sara,Hair Styling,Hair,2025-03-05,205.64,2025-03
462,C0274,Sara,Hair Color,Hair,2025-03-04,487.6,2025-03
463,C0126,Sara,Facial,Skin Care,2025-03-27,246.64,2025-03
464,C0068,Nour,Hair Styling,Hair,2025-03-22,214.16,2025-03
465,C0042,Maya,Hair Styling,Hair,2025-03-02,187.88,2025-03
466,C0021,Sara,Hair Color,Hair,2025-03-17,385.61,2025-03
467,C0092,Nour,Waxing,Beauty,2025-03-01,124.88,2025-03
468,C0273,Lina,Nails,Nails,2025-03-11,160.38,2025-03
469,C0152,Maya,Waxing,Beauty,2025-03-25,128.18,2025-03
470,C0284,Nour,Nails,Nails,2025-03-08,165.87,2025-03
471,C0064,Lina,Nails,Nails,2025-03-19,156.01,2025-03
472,C0047,Sara,Massage,Wellness,2025-03-13,330.83,2025-03
473,C0005,Aisha,Hair Styling,Hair,2025-03-07,199.99,2025-03
474,C0012,Rania,Lashes,Beauty,2025-03-26,253.34,2025-03
475,C0108,Sara,Hair Styling,Hair,2025-03-16,182.15,2025-03
476,C0250,Sara,Lashes,Beauty,2025-03-23,255.54,2025-03
477,C0203,Aisha,Hair Color,Hair,2025-03-24,386.87,2025-03
478,C0219,Maya,Nails,Nails,2025-03-21,165.6,2025-03
479,C0260,Nour,Nails,Nails,2025-03-15,159.11,2025-03
480,C0116,Nour,Nails,Nails,2025-03-08,179.8,2025-03
481,C0147,Rania,Nails,Nails,2025-03-08,171.97,2025-03
482,C0189,Maya,Hair Color,Hair,2025-03-15,361.53,2025-03
483,C0054,Maya,Nails,Nails,2025-03-11,163.61,2025-03
484,C0204,Maya,Hair Styling,Hair,2025-03-16,171.86,2025-03
485,C0222,Lina,Hair Color,Hair,2025-03-25,464.76,2025-03
486,C0030,Lina,Massage,Wellness,2025-03-17,326.07,2025-03
487,C0037,Nour,Lashes,Beauty,2025-03-01,285.49,2025-03
488,C0127,Aisha,Lashes,Beauty,2025-03-09,279.78,2025-03
489,C0023,Aisha,Waxing,Beauty,2025-03-08,127.77,2025-03
490,C0075,Lina,Lashes,Beauty,2025-03-04,237.03,2025-03
491,C0173,Maya,Facial,Skin Care,2025-03-13,299.94,2025-03
492,C0016,Maya,Hair Styling,Hair,2025-03-06,159.36,2025-03
493,C0144,Rania,Hair Styling,Hair,2025-03-10,184.54,2025-03
494,C0184,Sara,Hair Styling,Hair,2025-03-13,157.59,2025-03
495,C0120,Rania,Waxing,Beauty,2025-03-23,118.85,2025-03
496,C0053,Aisha,Hair Color,Hair,2025-03-07,360.24,2025-03
497,C0021,Lina,Facial,Skin Care,2025-03-13,259.49,2025-03
498,C0031,Aisha,Nails,Nails,2025-03-22,161.51,2025-03
499,C0010,Sara,Lashes,Beauty,2025-03-10,288.36,2025-03
500,C0014,Maya,Facial,Skin Care,2025-03-18,245.03,2025-03
501,C0022,Rania,Lashes,Beauty,2025-03-24,284.47,2025-03
502,C0264,Maya,Nails,Nails,2025-03-23,135.0,2025-03
503,C0248,Maya,Nails,Nails,2025-03-02,135.83,2025-03
504,C0079,Aisha,Lashes,Beauty,2025-03-17,236.26,2025-03
505,C0274,Rania,Hair Styling,Hair,2025-03-26,185.2,2025-03
506,C0264,Aisha,Lashes,Beauty,2025-03-18,217.99,2025-03
507,C0139,Aisha,Hair Color,Hair,2025-03-28,495.25,2025-03
508,C0162,Sara,Nails,Nails,2025-03-27,141.7,2025-03
509,C0141,Lina,Facial,Skin Care,2025-03-19,326.91,2025-03
510,C0179,Nour,Massage,Wellness,2025-03-12,294.62,2025-03
511,C0217,Maya,Hair Styling,Hair,2025-03-01,155.66,2025-03
512,C0013,Nour,Hair Styling,Hair,2025-03-11,169.02,2025-03
513,C0281,Rania,Massage,Wellness,2025-03-17,334.91,2025-03
514,C0140,Nour,Hair Color,Hair,2025-03-19,426.88,2025-03
515,C0028,Aisha,Hair Styling,Hair,2025-03-16,175.68,2025-03
516,C0227,Sara,Nails,Nails,2025-03-14,133.33,2025-03
517,C0210,Nour,Hair Styling,Hair,2025-03-13,207.11,2025-03
518,C0137,Aisha,Waxing,Beauty,2025-03-16,137.71,2025-03
519,C0100,Nour,Waxing,Beauty,2025-03-22,132.68,2025-03
520,C0216,Sara,Lashes,Beauty,2025-03-09,215.64,2025-03
521,C0149,Sara,Lashes,Beauty,2025-03-12,240.12,2025-03
522,C0021,Sara,Lashes,Beauty,2025-03-04,229.93,2025-03
523,C0118,Rania,Hair Styling,Hair,2025-03-17,195.01,2025-03
524,C0074,Rania,Nails,Nails,2025-03-21,141.55,2025-03
525,C0138,Lina,Hair Color,Hair,2025-03-02,490.93,2025-03
526,C0268,Rania,Nails,Nails,2025-03-17,148.73,2025-03
527,C0228,Maya,Hair Color,Hair,2025-03-25,463.55,2025-03
528,C0119,Sara,Nails,Nails,2025-03-20,163.07,2025-03
529,C0186,Sara,Hair Color,Hair,2025-03-28,389.31,2025-03
530,C0175,Rania,Hair Styling,Hair,2025-03-27,154.07,2025-03
531,C0224,Nour,Nails,Nails,2025-03-07,137.04,2025-03
532,C0244,Aisha,Hair Color,Hair,2025-03-07,465.64,2025-03
533,C0135,Sara,Nails,Nails,2025-03-11,127.57,2025-03
534,C0264,Aisha,Waxing,Beauty,2025-03-11,102.99,2025-03
535,C0214,Lina,Facial,Skin Care,2025-03-13,266.53,2025-03
536,C0157,Maya,Hair Color,Hair,2025-03-09,366.66,2025-03
537,C0218,Sara,Facial,Skin Care,2025-03-28,284.39,2025-03
538,C0096,Sara,Massage,Wellness,2025-03-05,353.99,2025-03
539,C0278,Aisha,Facial,Skin Care,2025-03-28,332.35,2025-03
540,C0026,Aisha,Hair Color,Hair,2025-03-07,463.67,2025-03
541,C0181,Sara,Lashes,Beauty,2025-03-11,263.1,2025-03
542,C0049,Sara,Nails,Nails,2025-03-11,162.89,2025-03
543,C0047,Aisha,Hair Color,Hair,2025-03-25,463.57,2025-03
544,C0005,Sara,Lashes,Beauty,2025-03-18,272.88,2025-03
545,C0161,Maya,Facial,Skin Care,2025-03-22,281.87,2025-03
546,C0277,Rania,Hair Color,Hair,2025-03-26,468.88,2025-03
547,C0210,Rania,Hair Styling,Hair,2025-03-22,170.31,2025-03
548,C0006,Nour,Facial,Skin Care,2025-03-03,280.42,2025-03
549,C0161,Aisha,Nails,Nails,2025-03-12,174.63,2025-03
550,C0156,Sara,Massage,Wellness,2025-03-11,338.28,2025-03
551,C0252,Lina,Massage,Wellness,2025-03-03,275.68,2025-03
552,C0089,Maya,Massage,Wellness,2025-03-11,314.8,2025-03
553,C0154,Rania,Facial,Skin Care,2025-03-22,245.16,2025-03
554,C0125,Maya,Hair Color,Hair,2025-03-27,473.51,2025-03
555,C0247,Nour,Lashes,Beauty,2025-03-16,247.08,2025-03
556,C0094,Aisha,Waxing,Beauty,2025-03-04,134.47,2025-03
557,C0088,Maya,Nails,Nails,2025-03-20,168.52,2025-03
558,C0074,Sara,Lashes,Beauty,2025-03-09,256.15,2025-03
559,C0255,Lina,Nails,Nails,2025-03-10,176.13,2025-03
560,C0055,Lina,Hair Styling,Hair,2025-03-08,203.91,2025-03
561,C0141,Nour,Hair Color,Hair,2025-03-03,393.13,2025-03
562,C0247,Lina,Hair Styling,Hair,2025-03-24,171.2,2025-03
563,C0093,Aisha,Massage,Wellness,2025-03-25,306.94,2025-03
564,C0099,Aisha,Facial,Skin Care,2025-03-03,246.89,2025-03
565,C0274,Nour,Nails,Nails,2025-03-17,141.97,2025-03
566,C0082,Sara,Hair Color,Hair,2025-03-27,439.92,2025-03
567,C0116,Maya,Waxing,Beauty,2025-03-26,139.89,2025-03
568,C0193,Aisha,Waxing,Beauty,2025-03-05,133.57,2025-03
569,C0221,Sara,Hair Styling,Hair,2025-03-09,195.81,2025-03
570,C0149,Lina,Facial,Skin Care,2025-03-19,280.79,2025-03
571,C0199,Maya,Lashes,Beauty,2025-04-28,237.22,2025-04
572,C0279,Maya,Waxing,Beauty,2025-04-04,119.62,2025-04
573,C0221,Aisha,Waxing,Beauty,2025-04-13,124.87,2025-04
574,C0271,Lina,Hair Color,Hair,2025-04-14,444.29,2025-04
575,C0283,Nour,Nails,Nails,2025-04-24,148.99,2025-04
576,C0004,Lina,Lashes,Beauty,2025-04-24,280.22,2025-04
577,C0248,Sara,Nails,Nails,2025-04-21,151.82,2025-04
578,C0169,Aisha,Nails,Nails,2025-04-21,129.47,2025-04
579,C0138,Rania,Facial,Skin Care,2025-04-06,244.01,2025-04
580,C0038,Lina,Hair Styling,Hair,2025-04-19,180.56,2025-04
581,C0030,Rania,Lashes,Beauty,2025-04-05,277.42,2025-04
582,C0206,Aisha,Waxing,Beauty,2025-04-19,112.62,2025-04
583,C0228,Rania,Nails,Nails,2025-04-22,174.85,2025-04
584,C0272,Lina,Nails,Nails,2025-04-17,158.51,2025-04
585,C0162,Rania,Nails,Nails,2025-04-27,167.08,2025-04
586,C0214,Aisha,Facial,Skin Care,2025-04-10,331.32,2025-04
587,C0153,Lina,Nails,Nails,2025-04-15,177.33,2025-04
588,C0191,Aisha,Lashes,Beauty,2025-04-01,221.47,2025-04
589,C0194,Lina,Hair Styling,Hair,2025-04-24,214.26,2025-04
590,C0167,Nour,Waxing,Beauty,2025-04-26,107.13,2025-04
591,C0169,Nour,Waxing,Beauty,2025-04-27,113.51,2025-04
592,C0245,Lina,Hair Styling,Hair,2025-04-20,166.44,2025-04
593,C0175,Nour,Hair Styling,Hair,2025-04-16,201.18,2025-04
594,C0271,Sara,Massage,Wellness,2025-04-03,307.11,2025-04
595,C0043,Sara,Lashes,Beauty,2025-04-18,276.76,2025-04
596,C0270,Maya,Hair Styling,Hair,2025-04-01,203.25,2025-04
597,C0168,Lina,Nails,Nails,2025-04-27,139.84,2025-04
598,C0013,Rania,Nails,Nails,2025-04-16,143.71,2025-04
599,C0043,Maya,Facial,Skin Care,2025-04-27,276.86,2025-04
600,C0151,Maya,Waxing,Beauty,2025-04-12,130.44,2025-04
601,C0007,Rania,Waxing,Beauty,2025-04-05,130.25,2025-04
602,C0083,Lina,Facial,Skin Care,2025-04-16,294.03,2025-04
603,C0113,Sara,Hair Styling,Hair,2025-04-28,195.46,2025-04
604,C0140,Aisha,Hair Color,Hair,2025-04-27,402.1,2025-04
605,C0069,Rania,Massage,Wellness,2025-04-28,300.21,2025-04
606,C0019,Rania,Hair Color,Hair,2025-04-18,409.31,2025-04
607,C0167,Sara,Hair Color,Hair,2025-04-15,365.32,2025-04
608,C0079,Rania,Massage,Wellness,2025-04-07,337.41,2025-04
609,C0029,Maya,Lashes,Beauty,2025-04-24,281.21,2025-04
610,C0218,Rania,Massage,Wellness,2025-04-08,351.05,2025-04
611,C0058,Nour,Nails,Nails,2025-04-06,136.92,2025-04
612,C0219,Aisha,Massage,Wellness,2025-04-18,313.33,2025-04
613,C0098,Aisha,Nails,Nails,2025-04-10,141.37,2025-04
614,C0074,Rania,Lashes,Beauty,2025-04-24,267.69,2025-04
615,C0219,Nour,Massage,Wellness,2025-04-07,318.38,2025-04
616,C0148,Sara,Massage,Wellness,2025-04-09,262.18,2025-04
617,C0290,Rania,Nails,Nails,2025-04-02,132.34,2025-04
618,C0073,Aisha,Massage,Wellness,2025-04-10,281.34,2025-04
619,C0100,Lina,Lashes,Beauty,2025-04-27,263.56,2025-04
620,C0083,Maya,Facial,Skin Care,2025-04-01,322.88,2025-04
621,C0150,Lina,Nails,Nails,2025-04-27,159.64,2025-04
622,C0098,Rania,Waxing,Beauty,2025-04-22,110.51,2025-04
623,C0068,Aisha,Lashes,Beauty,2025-04-17,248.21,2025-04
624,C0073,Nour,Facial,Skin Care,2025-04-10,330.09,2025-04
625,C0176,Rania,Facial,Skin Care,2025-04-06,310.46,2025-04
626,C0178,Lina,Hair Styling,Hair,2025-04-22,153.52,2025-04
627,C0271,Sara,Waxing,Beauty,2025-04-25,105.54,2025-04
628,C0248,Sara,Nails,Nails,2025-04-26,165.48,2025-04
629,C0212,Nour,Facial,Skin Care,2025-04-10,300.49,2025-04
630,C0111,Sara,Hair Styling,Hair,2025-04-23,165.55,2025-04
631,C0069,Lina,Hair Styling,Hair,2025-04-25,168.65,2025-04
632,C0161,Lina,Hair Color,Hair,2025-04-18,366.19,2025-04
633,C0138,Maya,Facial,Skin Care,2025-04-23,274.48,2025-04
634,C0077,Rania,Waxing,Beauty,2025-04-27,136.57,2025-04
635,C0091,Rania,Nails,Nails,2025-04-23,154.46,2025-04
636,C0073,Nour,Hair Color,Hair,2025-04-17,470.3,2025-04
637,C0284,Aisha,Facial,Skin Care,2025-04-17,290.76,2025-04
638,C0187,Nour,Waxing,Beauty,2025-04-24,129.99,2025-04
639,C0188,Rania,Nails,Nails,2025-04-27,173.37,2025-04
640,C0107,Nour,Nails,Nails,2025-04-28,150.73,2025-04
641,C0139,Maya,Lashes,Beauty,2025-04-22,249.2,2025-04
642,C0061,Lina,Hair Styling,Hair,2025-04-07,171.97,2025-04
643,C0129,Lina,Nails,Nails,2025-04-15,176.17,2025-04
644,C0102,Rania,Nails,Nails,2025-04-01,161.9,2025-04
645,C0202,Sara,Hair Styling,Hair,2025-04-17,185.53,2025-04
646,C0084,Lina,Lashes,Beauty,2025-04-13,289.65,2025-04
647,C0140,Sara,Hair Styling,Hair,2025-04-04,171.22,2025-04
648,C0277,Nour,Nails,Nails,2025-04-25,156.55,2025-04
649,C0237,Rania,Nails,Nails,2025-04-25,171.0,2025-04
650,C0110,Maya,Massage,Wellness,2025-04-04,355.05,2025-04
651,C0097,Aisha,Nails,Nails,2025-04-16,141.75,2025-04
652,C0109,Lina,Hair Styling,Hair,2025-04-19,177.74,2025-04
653,C0087,Aisha,Hair Color,Hair,2025-04-05,433.68,2025-04
654,C0214,Aisha,Hair Color,Hair,2025-04-25,424.89,2025-04
655,C0160,Rania,Hair Styling,Hair,2025-04-13,195.44,2025-04
656,C0247,Nour,Nails,Nails,2025-04-13,153.19,2025-04
657,C0094,Rania,Lashes,Beauty,2025-04-18,276.59,2025-04
658,C0122,Maya,Facial,Skin Care,2025-04-11,271.83,2025-04
659,C0201,Maya,Facial,Skin Care,2025-04-02,295.05,2025-04
660,C0047,Rania,Facial,Skin Care,2025-04-23,262.04,2025-04
661,C0152,Lina,Hair Color,Hair,2025-04-28,406.34,2025-04
662,C0019,Lina,Facial,Skin Care,2025-04-01,278.75,2025-04
663,C0141,Rania,Lashes,Beauty,2025-04-01,273.94,2025-04
664,C0205,Aisha,Facial,Skin Care,2025-04-15,240.17,2025-04
665,C0128,Maya,Nails,Nails,2025-04-07,176.49,2025-04
666,C0007,Maya,Nails,Nails,2025-04-26,133.5,2025-04
667,C0062,Aisha,Nails,Nails,2025-04-17,149.51,2025-04
668,C0207,Nour,Waxing,Beauty,2025-04-03,130.28,2025-04
669,C0144,Aisha,Facial,Skin Care,2025-04-28,305.49,2025-04
670,C0093,Aisha,Lashes,Beauty,2025-04-24,273.51,2025-04
671,C0118,Aisha,Waxing,Beauty,2025-04-12,110.54,2025-04
672,C0271,Lina,Facial,Skin Care,2025-04-19,288.04,2025-04
673,C0232,Maya,Hair Styling,Hair,2025-04-25,178.81,2025-04
674,C0022,Rania,Massage,Wellness,2025-04-08,276.36,2025-04
675,C0220,Sara,Nails,Nails,2025-04-04,155.94,2025-04
676,C0045,Rania,Facial,Skin Care,2025-04-02,245.26,2025-04
677,C0234,Nour,Nails,Nails,2025-04-27,179.85,2025-04
678,C0040,Lina,Nails,Nails,2025-04-14,131.18,2025-04
679,C0122,Lina,Lashes,Beauty,2025-04-28,245.27,2025-04
680,C0062,Aisha,Massage,Wellness,2025-04-02,294.82,2025-04
681,C0207,Aisha,Nails,Nails,2025-04-02,160.68,2025-04
682,C0295,Maya,Facial,Skin Care,2025-04-26,279.75,2025-04
683,C0192,Sara,Lashes,Beauty,2025-04-19,213.78,2025-04
684,C0220,Rania,Lashes,Beauty,2025-04-09,227.36,2025-04
685,C0277,Maya,Lashes,Beauty,2025-04-23,291.97,2025-04
686,C0062,Maya,Waxing,Beauty,2025-04-22,126.31,2025-04
687,C0054,Lina,Hair Color,Hair,2025-04-11,418.0,2025-04
688,C0094,Rania,Hair Color,Hair,2025-04-02,445.17,2025-04
689,C0081,Maya,Massage,Wellness,2025-04-15,308.24,2025-04
690,C0279,Maya,Lashes,Beauty,2025-04-26,245.99,2025-04
691,C0239,Lina,Massage,Wellness,2025-04-06,300.26,2025-04
692,C0173,Sara,Massage,Wellness,2025-04-01,321.82,2025-04
693,C0278,Maya,Nails,Nails,2025-04-27,142.12,2025-04
694,C0279,Rania,Lashes,Beauty,2025-04-04,283.81,2025-04
695,C0204,Aisha,Lashes,Beauty,2025-04-20,280.2,2025-04
696,C0070,Nour,Nails,Nails,2025-04-22,129.14,2025-04
697,C0120,Rania,Waxing,Beauty,2025-04-05,112.22,2025-04
698,C0187,Nour,Lashes,Beauty,2025-04-24,240.76,2025-04
699,C0258,Lina,Nails,Nails,2025-04-18,162.51,2025-04
700,C0176,Lina,Waxing,Beauty,2025-04-06,131.69,2025-04
701,C0061,Maya,Massage,Wellness,2025-04-27,289.3,2025-04
702,C0253,Nour,Hair Styling,Hair,2025-04-15,182.35,2025-04
703,C0291,Rania,Hair Styling,Hair,2025-04-27,154.41,2025-04
704,C0183,Lina,Hair Styling,Hair,2025-04-18,201.15,2025-04
705,C0125,Maya,Hair Styling,Hair,2025-04-05,212.12,2025-04
706,C0171,Maya,Nails,Nails,2025-04-19,131.14,2025-04
707,C0048,Lina,Lashes,Beauty,2025-04-20,246.56,2025-04
708,C0183,Sara,Waxing,Beauty,2025-04-02,117.92,2025-04
709,C0149,Sara,Nails,Nails,2025-04-19,138.61,2025-04
710,C0166,Aisha,Nails,Nails,2025-04-10,172.7,2025-04
711,C0155,Rania,Nails,Nails,2025-04-18,177.33,2025-04
712,C0133,Aisha,Nails,Nails,2025-04-21,176.94,2025-04
713,C0064,Sara,Facial,Skin Care,2025-04-22,333.48,2025-04
714,C0214,Maya,Nails,Nails,2025-04-22,138.22,2025-04
715,C0112,Aisha,Lashes,Beauty,2025-04-14,285.77,2025-04
716,C0296,Rania,Facial,Skin Care,2025-04-12,306.56,2025-04
717,C0184,Maya,Lashes,Beauty,2025-04-28,292.14,2025-04
718,C0230,Maya,Nails,Nails,2025-04-05,135.57,2025-04
719,C0299,Rania,Massage,Wellness,2025-04-08,316.24,2025-04
720,C0209,Sara,Lashes,Beauty,2025-04-26,218.32,2025-04
721,C0007,Nour,Waxing,Beauty,2025-04-11,139.08,2025-04
722,C0181,Aisha,Massage,Wellness,2025-04-27,326.76,2025-04
723,C0239,Aisha,Massage,Wellness,2025-04-10,258.15,2025-04
724,C0276,Sara,Nails,Nails,2025-04-14,171.99,2025-04
725,C0273,Maya,Hair Styling,Hair,2025-04-17,214.45,2025-04
726,C0098,Maya,Massage,Wellness,2025-04-11,263.94,2025-04
727,C0276,Maya,Nails,Nails,2025-04-27,136.33,2025-04
728,C0271,Nour,Hair Color,Hair,2025-04-20,371.84,2025-04
729,C0296,Sara,Nails,Nails,2025-04-25,179.23,2025-04
730,C0192,Nour,Hair Color,Hair,2025-04-14,474.35,2025-04
731,C0028,Aisha,Hair Color,Hair,2025-04-07,376.06,2025-04
732,C0101,Maya,Nails,Nails,2025-04-04,143.38,2025-04
733,C0278,Maya,Waxing,Beauty,2025-04-06,108.17,2025-04
734,C0096,Rania,Waxing,Beauty,2025-04-14,131.68,2025-04
735,C0128,Rania,Hair Styling,Hair,2025-04-08,189.58,2025-04
736,C0145,Aisha,Hair Color,Hair,2025-04-28,357.46,2025-04
737,C0106,Nour,Nails,Nails,2025-04-25,143.59,2025-04
738,C0089,Maya,Nails,Nails,2025-04-13,151.57,2025-04
739,C0106,Nour,Lashes,Beauty,2025-04-15,280.49,2025-04
740,C0218,Lina,Massage,Wellness,2025-04-20,348.4,2025-04
741,C0038,Lina,Nails,Nails,2025-04-09,152.22,2025-04
742,C0018,Sara,Facial,Skin Care,2025-04-16,249.47,2025-04
743,C0229,Rania,Nails,Nails,2025-04-08,154.48,2025-04
744,C0270,Rania,Facial,Skin Care,2025-04-26,294.77,2025-04
745,C0160,Lina,Hair Color,Hair,2025-04-25,438.24,2025-04
746,C0053,Rania,Hair Styling,Hair,2025-04-28,188.97,2025-04
747,C0226,Rania,Waxing,Beauty,2025-04-22,122.61,2025-04
748,C0072,Rania,Facial,Skin Care,2025-04-23,294.51,2025-04
749,C0256,Lina,Hair Styling,Hair,2025-04-03,176.6,2025-04
750,C0190,Sara,Hair Color,Hair,2025-04-05,464.23,2025-04
751,C0250,Sara,Lashes,Beauty,2025-04-21,231.79,2025-04
752,C0045,Maya,Hair Color,Hair,2025-04-13,395.7,2025-04
753,C0273,Maya,Lashes,Beauty,2025-04-13,267.39,2025-04
754,C0174,Lina,Hair Color,Hair,2025-04-23,496.43,2025-04
755,C0229,Aisha,Hair Color,Hair,2025-04-07,490.54,2025-04
756,C0002,Rania,Lashes,Beauty,2025-04-23,273.97,2025-04
757,C0013,Maya,Nails,Nails,2025-04-07,158.84,2025-04
758,C0171,Nour,Nails,Nails,2025-04-13,170.95,2025-04
759,C0116,Aisha,Lashes,Beauty,2025-04-17,216.48,2025-04
760,C0180,Rania,Nails,Nails,2025-04-21,168.11,2025-04
761,C0001,Sara,Facial,Skin Care,2025-04-22,280.94,2025-04
762,C0288,Sara,Hair Styling,Hair,2025-04-09,181.29,2025-04
763,C0072,Lina,Lashes,Beauty,2025-04-25,222.26,2025-04
764,C0042,Rania,Hair Styling,Hair,2025-04-08,176.92,2025-04
765,C0221,Nour,Hair Styling,Hair,2025-04-17,188.81,2025-04
766,C0102,Nour,Facial,Skin Care,2025-04-06,329.06,2025-04
767,C0233,Aisha,Lashes,Beauty,2025-04-08,250.22,2025-04
768,C0149,Lina,Hair Color,Hair,2025-04-17,407.73,2025-04
769,C0156,Lina,Hair Color,Hair,2025-04-07,363.1,2025-04
770,C0028,Maya,Facial,Skin Care,2025-04-06,304.49,2025-04
771,C0068,Rania,Facial,Skin Care,2025-04-20,296.76,2025-04
772,C0269,Sara,Hair Color,Hair,2025-04-26,398.4,2025-04
773,C0247,Sara,Lashes,Beauty,2025-04-04,260.01,2025-04
774,C0238,Lina,Massage,Wellness,2025-04-03,287.75,2025-04
775,C0296,Aisha,Waxing,Beauty,2025-04-16,105.74,2025-04
776,C0137,Sara,Massage,Wellness,2025-04-16,274.5,2025-04
777,C0025,Maya,Hair Color,Hair,2025-04-13,407.19,2025-04
778,C0073,Maya,Hair Color,Hair,2025-04-22,357.74,2025-04
779,C0152,Nour,Facial,Skin Care,2025-04-19,264.76,2025-04
780,C0271,Lina,Hair Styling,Hair,2025-04-17,212.32,2025-04
781,C0175,Maya,Hair Color,Hair,2025-04-26,454.54,2025-04
782,C0132,Aisha,Waxing,Beauty,2025-04-12,116.98,2025-04
783,C0149,Aisha,Nails,Nails,2025-04-03,165.81,2025-04
784,C0294,Nour,Waxing,Beauty,2025-04-21,136.54,2025-04
785,C0025,Nour,Nails,Nails,2025-04-20,143.25,2025-04
786,C0113,Lina,Facial,Skin Care,2025-04-06,276.23,2025-04
787,C0091,Maya,Hair Color,Hair,2025-04-04,464.75,2025-04
788,C0151,Lina,Hair Styling,Hair,2025-04-08,208.0,2025-04
789,C0200,Lina,Nails,Nails,2025-04-20,156.93,2025-04
790,C0181,Nour,Waxing,Beauty,2025-04-13,106.39,2025-04
791,C0073,Lina,Hair Styling,Hair,2025-05-05,189.86,2025-05
792,C0030,Lina,Facial,Skin Care,2025-05-28,310.41,2025-05
793,C0205,Lina,Facial,Skin Care,2025-05-26,248.12,2025-05
794,C0220,Maya,Lashes,Beauty,2025-05-22,261.61,2025-05
795,C0184,Maya,Lashes,Beauty,2025-05-26,215.28,2025-05
796,C0278,Nour,Hair Styling,Hair,2025-05-12,156.32,2025-05
797,C0182,Maya,Facial,Skin Care,2025-05-10,262.78,2025-05
798,C0099,Nour,Waxing,Beauty,2025-05-06,136.47,2025-05
799,C0017,Rania,Lashes,Beauty,2025-05-17,226.35,2025-05
800,C0078,Nour,Hair Color,Hair,2025-05-17,369.45,2025-05
801,C0072,Nour,Waxing,Beauty,2025-05-15,111.29,2025-05
802,C0241,Nour,Facial,Skin Care,2025-05-13,312.66,2025-05
803,C0058,Aisha,Hair Color,Hair,2025-05-05,359.46,2025-05
804,C0005,Maya,Nails,Nails,2025-05-15,159.09,2025-05
805,C0146,Sara,Nails,Nails,2025-05-18,135.96,2025-05
806,C0044,Lina,Facial,Skin Care,2025-05-13,308.05,2025-05
807,C0100,Lina,Lashes,Beauty,2025-05-03,216.35,2025-05
808,C0145,Lina,Nails,Nails,2025-05-08,171.27,2025-05
809,C0141,Rania,Massage,Wellness,2025-05-04,301.63,2025-05
810,C0239,Rania,Lashes,Beauty,2025-05-16,270.09,2025-05
811,C0190,Sara,Hair Color,Hair,2025-05-28,380.05,2025-05
812,C0194,Lina,Nails,Nails,2025-05-13,136.33,2025-05
813,C0159,Aisha,Hair Color,Hair,2025-05-11,430.86,2025-05
814,C0103,Maya,Hair Color,Hair,2025-05-07,479.97,2025-05
815,C0230,Maya,Hair Color,Hair,2025-05-10,399.0,2025-05
816,C0060,Maya,Hair Styling,Hair,2025-05-07,202.2,2025-05
817,C0122,Nour,Waxing,Beauty,2025-05-05,108.15,2025-05
818,C0006,Maya,Nails,Nails,2025-05-23,147.4,2025-05
819,C0229,Maya,Waxing,Beauty,2025-05-09,122.33,2025-05
820,C0106,Lina,Facial,Skin Care,2025-05-27,269.87,2025-05
821,C0297,Lina,Lashes,Beauty,2025-05-04,273.46,2025-05
822,C0291,Rania,Hair Color,Hair,2025-05-06,455.65,2025-05
823,C0267,Nour,Hair Styling,Hair,2025-05-23,177.08,2025-05
824,C0076,Rania,Massage,Wellness,2025-05-28,257.71,2025-05
825,C0279,Maya,Lashes,Beauty,2025-05-09,223.03,2025-05
826,C0256,Rania,Facial,Skin Care,2025-05-15,259.82,2025-05
827,C0025,Maya,Lashes,Beauty,2025-05-24,223.92,2025-05
828,C0094,Aisha,Waxing,Beauty,2025-05-26,105.53,2025-05
829,C0226,Maya,Hair Styling,Hair,2025-05-16,163.06,2025-05
830,C0214,Nour,Hair Color,Hair,2025-05-21,360.49,2025-05
831,C0121,Maya,Hair Color,Hair,2025-05-02,395.88,2025-05
832,C0241,Lina,Massage,Wellness,2025-05-16,277.44,2025-05
833,C0144,Rania,Nails,Nails,2025-05-26,129.0,2025-05
834,C0298,Sara,Lashes,Beauty,2025-05-15,239.95,2025-05
835,C0130,Maya,Nails,Nails,2025-05-22,157.23,2025-05
836,C0263,Rania,Hair Color,Hair,2025-05-08,461.29,2025-05
837,C0254,Lina,Hair Color,Hair,2025-05-13,370.7,2025-05
838,C0292,Nour,Waxing,Beauty,2025-05-24,111.42,2025-05
839,C0284,Rania,Hair Styling,Hair,2025-05-04,158.66,2025-05
840,C0270,Maya,Hair Color,Hair,2025-05-23,484.99,2025-05
841,C0285,Lina,Lashes,Beauty,2025-05-05,288.68,2025-05
842,C0275,Nour,Nails,Nails,2025-05-20,163.92,2025-05
843,C0285,Sara,Facial,Skin Care,2025-05-27,316.93,2025-05
844,C0224,Maya,Lashes,Beauty,2025-05-02,242.82,2025-05
845,C0275,Maya,Hair Styling,Hair,2025-05-13,155.18,2025-05
846,C0022,Sara,Hair Color,Hair,2025-05-04,451.3,2025-05
847,C0038,Rania,Waxing,Beauty,2025-05-07,114.49,2025-05
848,C0009,Sara,Waxing,Beauty,2025-05-20,135.2,2025-05
849,C0126,Lina,Hair Styling,Hair,2025-05-23,155.85,2025-05
850,C0290,Nour,Nails,Nails,2025-05-12,162.74,2025-05
851,C0068,Lina,Massage,Wellness,2025-05-07,271.4,2025-05
852,C0189,Lina,Hair Styling,Hair,2025-05-03,175.16,2025-05
853,C0138,Maya,Massage,Wellness,2025-05-27,335.64,2025-05
854,C0016,Rania,Facial,Skin Care,2025-05-16,303.21,2025-05
855,C0129,Lina,Hair Styling,Hair,2025-05-24,180.07,2025-05
856,C0095,Aisha,Facial,Skin Care,2025-05-26,314.39,2025-05
857,C0047,Sara,Waxing,Beauty,2025-05-01,143.66,2025-05
858,C0280,Sara,Lashes,Beauty,2025-05-10,281.75,2025-05
859,C0171,Lina,Hair Styling,Hair,2025-05-08,160.94,2025-05
860,C0283,Aisha,Waxing,Beauty,2025-05-10,115.62,2025-05
861,C0182,Rania,Massage,Wellness,2025-05-02,335.41,2025-05
862,C0298,Aisha,Nails,Nails,2025-05-10,135.03,2025-05
863,C0246,Nour,Facial,Skin Care,2025-05-10,311.21,2025-05
864,C0283,Aisha,Facial,Skin Care,2025-05-11,321.25,2025-05
865,C0012,Aisha,Massage,Wellness,2025-05-25,274.26,2025-05
866,C0226,Sara,Nails,Nails,2025-05-25,128.22,2025-05
867,C0124,Sara,Nails,Nails,2025-05-19,168.32,2025-05
868,C0078,Maya,Hair Styling,Hair,2025-05-25,171.64,2025-05
869,C0125,Nour,Hair Styling,Hair,2025-05-28,209.09,2025-05
870,C0216,Rania,Hair Styling,Hair,2025-05-18,158.66,2025-05
871,C0036,Nour,Waxing,Beauty,2025-05-22,138.25,2025-05
872,C0217,Aisha,Hair Color,Hair,2025-05-16,434.24,2025-05
873,C0195,Nour,Waxing,Beauty,2025-05-06,127.81,2025-05
874,C0149,Lina,Hair Color,Hair,2025-05-04,389.03,2025-05
875,C0087,Rania,Facial,Skin Care,2025-05-06,239.59,2025-05
876,C0044,Aisha,Hair Styling,Hair,2025-05-15,160.96,2025-05
877,C0261,Nour,Waxing,Beauty,2025-05-02,140.57,2025-05
878,C0206,Lina,Waxing,Beauty,2025-05-27,129.09,2025-05
879,C0083,Rania,Hair Styling,Hair,2025-05-17,197.86,2025-05
880,C0251,Sara,Hair Styling,Hair,2025-05-08,187.04,2025-05
881,C0095,Rania,Facial,Skin Care,2025-05-06,288.42,2025-05
882,C0089,Aisha,Lashes,Beauty,2025-05-27,299.02,2025-05
883,C0054,Lina,Hair Color,Hair,2025-05-11,371.21,2025-05
884,C0020,Rania,Facial,Skin Care,2025-05-03,323.61,2025-05
885,C0111,Aisha,Nails,Nails,2025-05-21,144.3,2025-05
886,C0008,Nour,Nails,Nails,2025-05-06,162.81,2025-05
887,C0163,Nour,Lashes,Beauty,2025-05-28,244.41,2025-05
888,C0276,Aisha,Facial,Skin Care,2025-05-13,305.96,2025-05
889,C0102,Lina,Waxing,Beauty,2025-05-19,119.89,2025-05
890,C0086,Sara,Facial,Skin Care,2025-05-28,256.29,2025-05
891,C0043,Lina,Nails,Nails,2025-05-22,159.9,2025-05
892,C0240,Lina,Hair Color,Hair,2025-05-26,438.0,2025-05
893,C0137,Sara,Nails,Nails,2025-05-28,158.24,2025-05
894,C0268,Rania,Facial,Skin Care,2025-05-19,319.58,2025-05
895,C0294,Maya,Hair Styling,Hair,2025-05-11,171.63,2025-05
896,C0230,Aisha,Nails,Nails,2025-05-14,163.69,2025-05
897,C0052,Rania,Facial,Skin Care,2025-05-08,326.0,2025-05
898,C0154,Rania,Waxing,Beauty,2025-05-07,105.13,2025-05
899,C0046,Nour,Facial,Skin Care,2025-05-21,273.14,2025-05
900,C0118,Rania,Hair Color,Hair,2025-05-25,365.36,2025-05
901,C0007,Rania,Hair Color,Hair,2025-05-11,456.32,2025-05
902,C0215,Nour,Hair Color,Hair,2025-05-09,411.39,2025-05
903,C0026,Aisha,Hair Styling,Hair,2025-05-15,189.83,2025-05
904,C0270,Rania,Hair Styling,Hair,2025-05-04,174.38,2025-05
905,C0208,Rania,Hair Styling,Hair,2025-05-03,184.46,2025-05
906,C0110,Aisha,Nails,Nails,2025-05-15,148.54,2025-05
907,C0181,Rania,Nails,Nails,2025-05-15,147.83,2025-05
908,C0217,Maya,Facial,Skin Care,2025-05-23,244.02,2025-05
909,C0169,Maya,Lashes,Beauty,2025-05-17,224.34,2025-05
910,C0230,Lina,Nails,Nails,2025-05-18,159.09,2025-05
911,C0188,Maya,Hair Color,Hair,2025-05-21,375.64,2025-05
912,C0218,Sara,Hair Styling,Hair,2025-05-22,192.06,2025-05
913,C0189,Lina,Facial,Skin Care,2025-05-09,296.33,2025-05
914,C0244,Lina,Hair Styling,Hair,2025-05-04,169.02,2025-05
915,C0146,Sara,Lashes,Beauty,2025-05-25,264.37,2025-05
916,C0251,Lina,Hair Color,Hair,2025-05-15,378.09,2025-05
917,C0039,Aisha,Nails,Nails,2025-05-07,159.76,2025-05
918,C0066,Sara,Waxing,Beauty,2025-05-11,105.37,2025-05
919,C0181,Nour,Massage,Wellness,2025-05-26,292.78,2025-05
920,C0090,Nour,Hair Styling,Hair,2025-05-23,208.13,2025-05
921,C0086,Lina,Nails,Nails,2025-05-24,159.18,2025-05
922,C0030,Aisha,Nails,Nails,2025-05-05,157.98,2025-05
923,C0118,Rania,Waxing,Beauty,2025-05-12,108.26,2025-05
924,C0247,Nour,Hair Styling,Hair,2025-05-21,214.9,2025-05
925,C0258,Sara,Hair Color,Hair,2025-05-15,376.43,2025-05
926,C0259,Lina,Hair Styling,Hair,2025-05-18,160.34,2025-05
927,C0095,Maya,Nails,Nails,2025-05-26,166.99,2025-05
928,C0098,Nour,Nails,Nails,2025-05-04,137.97,2025-05
929,C0025,Aisha,Hair Styling,Hair,2025-05-06,166.74,2025-05
930,C0167,Sara,Hair Styling,Hair,2025-05-14,168.59,2025-05
931,C0265,Maya,Nails,Nails,2025-05-17,128.25,2025-05
932,C0197,Maya,Hair Color,Hair,2025-05-23,365.76,2025-05
933,C0295,Maya,Hair Color,Hair,2025-05-27,480.07,2025-05
934,C0266,Sara,Hair Styling,Hair,2025-05-15,180.84,2025-05
935,C0111,Rania,Hair Color,Hair,2025-05-12,444.91,2025-05
936,C0008,Maya,Nails,Nails,2025-05-08,152.87,2025-05
937,C0045,Nour,Hair Styling,Hair,2025-05-21,184.86,2025-05
938,C0015,Rania,Massage,Wellness,2025-05-14,276.19,2025-05
939,C0001,Maya,Waxing,Beauty,2025-05-17,139.92,2025-05
940,C0012,Aisha,Massage,Wellness,2025-05-24,343.43,2025-05
941,C0279,Lina,Hair Styling,Hair,2025-05-16,160.77,2025-05
942,C0018,Rania,Lashes,Beauty,2025-05-25,276.27,2025-05
943,C0092,Lina,Nails,Nails,2025-05-18,156.62,2025-05
944,C0232,Sara,Hair Color,Hair,2025-05-09,469.6,2025-05
945,C0006,Rania,Facial,Skin Care,2025-05-25,240.18,2025-05
946,C0118,Maya,Nails,Nails,2025-05-20,136.4,2025-05
947,C0175,Sara,Lashes,Beauty,2025-05-23,271.79,2025-05
948,C0203,Lina,Hair Styling,Hair,2025-05-25,170.68,2025-05
949,C0014,Rania,Massage,Wellness,2025-05-14,280.27,2025-05
950,C0051,Lina,Lashes,Beauty,2025-05-01,255.36,2025-05
951,C0275,Maya,Massage,Wellness,2025-05-22,273.99,2025-05
952,C0187,Aisha,Waxing,Beauty,2025-05-28,113.45,2025-05
953,C0037,Maya,Waxing,Beauty,2025-05-17,135.77,2025-05
954,C0080,Rania,Waxing,Beauty,2025-05-08,129.4,2025-05
955,C0150,Sara,Nails,Nails,2025-05-22,154.78,2025-05
956,C0236,Rania,Lashes,Beauty,2025-05-14,247.15,2025-05
957,C0065,Rania,Waxing,Beauty,2025-05-25,140.1,2025-05
958,C0158,Nour,Nails,Nails,2025-05-11,162.63,2025-05
959,C0103,Lina,Facial,Skin Care,2025-05-01,294.41,2025-05
960,C0168,Lina,Facial,Skin Care,2025-05-19,258.59,2025-05
961,C0134,Lina,Nails,Nails,2025-05-20,168.46,2025-05
962,C0090,Nour,Lashes,Beauty,2025-05-21,262.15,2025-05
963,C0246,Nour,Nails,Nails,2025-05-05,134.49,2025-05
964,C0025,Maya,Hair Styling,Hair,2025-05-02,196.72,2025-05
965,C0038,Rania,Hair Styling,Hair,2025-05-25,184.26,2025-05
966,C0259,Nour,Hair Styling,Hair,2025-05-08,189.84,2025-05
967,C0241,Sara,Nails,Nails,2025-05-18,132.3,2025-05
968,C0153,Nour,Nails,Nails,2025-05-01,154.87,2025-05
969,C0226,Nour,Nails,Nails,2025-05-02,133.89,2025-05
970,C0182,Lina,Waxing,Beauty,2025-05-16,120.05,2025-05
971,C0236,Maya,Hair Color,Hair,2025-05-01,405.13,2025-05
972,C0021,Maya,Hair Color,Hair,2025-05-06,438.6,2025-05
973,C0039,Maya,Hair Styling,Hair,2025-05-11,205.39,2025-05
974,C0088,Sara,Lashes,Beauty,2025-05-18,275.05,2025-05
975,C0191,Aisha,Nails,Nails,2025-05-04,159.25,2025-05
976,C0272,Lina,Hair Color,Hair,2025-05-17,400.15,2025-05
977,C0276,Maya,Facial,Skin Care,2025-05-05,307.29,2025-05
978,C0109,Maya,Waxing,Beauty,2025-05-04,136.28,2025-05
979,C0191,Rania,Hair Color,Hair,2025-05-03,376.54,2025-05
980,C0099,Nour,Hair Styling,Hair,2025-05-11,161.67,2025-05
981,C0141,Sara,Hair Styling,Hair,2025-05-24,207.12,2025-05
982,C0199,Maya,Nails,Nails,2025-05-09,175.37,2025-05
983,C0296,Nour,Lashes,Beauty,2025-05-07,294.02,2025-05
984,C0197,Aisha,Massage,Wellness,2025-05-19,286.86,2025-05
985,C0209,Nour,Hair Styling,Hair,2025-05-23,173.7,2025-05
986,C0220,Maya,Lashes,Beauty,2025-05-07,276.31,2025-05
987,C0082,Lina,Lashes,Beauty,2025-05-03,244.61,2025-05
988,C0214,Lina,Facial,Skin Care,2025-05-19,311.03,2025-05
989,C0216,Aisha,Hair Styling,Hair,2025-05-16,185.97,2025-05
990,C0035,Rania,Nails,Nails,2025-05-23,166.94,2025-05
991,C0144,Rania,Facial,Skin Care,2025-06-19,300.87,2025-06
992,C0080,Sara,Hair Styling,Hair,2025-06-28,168.66,2025-06
993,C0007,Lina,Nails,Nails,2025-06-13,156.16,2025-06
994,C0215,Rania,Lashes,Beauty,2025-06-06,236.45,2025-06
995,C0174,Lina,Lashes,Beauty,2025-06-17,241.52,2025-06
996,C0284,Lina,Nails,Nails,2025-06-02,133.8,2025-06
997,C0090,Nour,Hair Styling,Hair,2025-06-19,153.32,2025-06
998,C0179,Sara,Lashes,Beauty,2025-06-27,233.12,2025-06
999,C0109,Aisha,Hair Color,Hair,2025-06-07,472.13,2025-06
1000,C0196,Lina,Facial,Skin Care,2025-06-22,246.03,2025-06
1001,C0007,Lina,Waxing,Beauty,2025-06-08,109.09,2025-06
1002,C0172,Aisha,Massage,Wellness,2025-06-07,277.86,2025-06
1003,C0178,Sara,Waxing,Beauty,2025-06-01,130.42,2025-06
1004,C0227,Nour,Facial,Skin Care,2025-06-17,268.17,2025-06
1005,C0099,Sara,Massage,Wellness,2025-06-15,352.91,2025-06
1006,C0024,Sara,Nails,Nails,2025-06-17,164.55,2025-06
1007,C0079,Rania,Hair Styling,Hair,2025-06-14,178.69,2025-06
1008,C0264,Lina,Hair Color,Hair,2025-06-23,483.79,2025-06
1009,C0189,Rania,Facial,Skin Care,2025-06-02,322.62,2025-06
1010,C0079,Sara,Massage,Wellness,2025-06-02,278.26,2025-06
1011,C0192,Nour,Nails,Nails,2025-06-18,136.51,2025-06
1012,C0209,Nour,Nails,Nails,2025-06-27,130.81,2025-06
1013,C0085,Nour,Lashes,Beauty,2025-06-20,264.59,2025-06
1014,C0122,Aisha,Lashes,Beauty,2025-06-16,229.62,2025-06
1015,C0130,Sara,Hair Styling,Hair,2025-06-23,170.44,2025-06
1016,C0081,Aisha,Nails,Nails,2025-06-06,144.34,2025-06
1017,C0105,Nour,Nails,Nails,2025-06-16,175.84,2025-06
1018,C0265,Lina,Hair Color,Hair,2025-06-25,418.55,2025-06
1019,C0162,Nour,Massage,Wellness,2025-06-22,343.61,2025-06
1020,C0097,Aisha,Hair Styling,Hair,2025-06-18,157.26,2025-06
1021,C0283,Lina,Hair Styling,Hair,2025-06-18,185.28,2025-06
1022,C0105,Sara,Lashes,Beauty,2025-06-10,274.71,2025-06
1023,C0087,Maya,Massage,Wellness,2025-06-02,266.34,2025-06
1024,C0018,Rania,Hair Color,Hair,2025-06-13,362.73,2025-06
1025,C0189,Maya,Hair Color,Hair,2025-06-07,422.29,2025-06
1026,C0286,Maya,Waxing,Beauty,2025-06-22,134.47,2025-06
1027,C0248,Maya,Facial,Skin Care,2025-06-07,241.69,2025-06
1028,C0193,Sara,Massage,Wellness,2025-06-22,334.23,2025-06
1029,C0285,Nour,Massage,Wellness,2025-06-11,345.04,2025-06
1030,C0298,Lina,Facial,Skin Care,2025-06-15,322.16,2025-06
1031,C0065,Rania,Hair Styling,Hair,2025-06-20,154.15,2025-06
1032,C0083,Rania,Hair Color,Hair,2025-06-15,391.33,2025-06
1033,C0062,Rania,Facial,Skin Care,2025-06-03,266.55,2025-06
1034,C0042,Maya,Nails,Nails,2025-06-19,178.82,2025-06
1035,C0247,Maya,Waxing,Beauty,2025-06-18,116.25,2025-06
1036,C0207,Rania,Hair Color,Hair,2025-06-25,404.1,2025-06
1037,C0057,Sara,Massage,Wellness,2025-06-23,330.38,2025-06
1038,C0198,Nour,Hair Styling,Hair,2025-06-01,200.94,2025-06
1039,C0016,Sara,Hair Styling,Hair,2025-06-21,183.02,2025-06
1040,C0065,Sara,Nails,Nails,2025-06-26,152.85,2025-06
1041,C0187,Sara,Massage,Wellness,2025-06-25,350.47,2025-06
1042,C0206,Rania,Facial,Skin Care,2025-06-02,287.36,2025-06
1043,C0010,Maya,Nails,Nails,2025-06-02,158.59,2025-06
1044,C0150,Aisha,Hair Color,Hair,2025-06-06,430.99,2025-06
1045,C0058,Rania,Facial,Skin Care,2025-06-21,253.27,2025-06
1046,C0279,Maya,Lashes,Beauty,2025-06-01,231.79,2025-06
1047,C0282,Aisha,Hair Color,Hair,2025-06-27,395.36,2025-06
1048,C0185,Nour,Hair Styling,Hair,2025-06-27,164.28,2025-06
1049,C0087,Rania,Hair Styling,Hair,2025-06-01,201.1,2025-06
1050,C0035,Lina,Nails,Nails,2025-06-26,168.2,2025-06
1051,C0169,Lina,Hair Color,Hair,2025-06-09,378.47,2025-06
1052,C0105,Aisha,Waxing,Beauty,2025-06-11,131.26,2025-06
1053,C0103,Maya,Facial,Skin Care,2025-06-06,303.8,2025-06
1054,C0126,Sara,Hair Styling,Hair,2025-06-04,190.58,2025-06
1055,C0170,Lina,Hair Styling,Hair,2025-06-15,165.39,2025-06
1056,C0032,Rania,Facial,Skin Care,2025-06-09,296.89,2025-06
1057,C0187,Maya,Waxing,Beauty,2025-06-14,110.57,2025-06
1058,C0199,Nour,Nails,Nails,2025-06-18,147.36,2025-06
1059,C0203,Maya,Hair Color,Hair,2025-06-22,457.53,2025-06
1060,C0166,Aisha,Lashes,Beauty,2025-06-21,244.03,2025-06
1061,C0097,Aisha,Hair Styling,Hair,2025-06-24,162.27,2025-06
1062,C0137,Sara,Hair Color,Hair,2025-06-25,481.79,2025-06
1063,C0094,Maya,Massage,Wellness,2025-06-16,271.98,2025-06
1064,C0152,Maya,Lashes,Beauty,2025-06-23,260.33,2025-06
1065,C0212,Nour,Facial,Skin Care,2025-06-16,257.15,2025-06
1066,C0157,Sara,Facial,Skin Care,2025-06-14,257.72,2025-06
1067,C0047,Lina,Massage,Wellness,2025-06-24,332.48,2025-06
1068,C0271,Sara,Hair Styling,Hair,2025-06-27,172.78,2025-06
1069,C0026,Aisha,Hair Color,Hair,2025-06-20,466.35,2025-06
1070,C0181,Lina,Lashes,Beauty,2025-06-17,235.4,2025-06
1071,C0076,Aisha,Nails,Nails,2025-06-17,175.25,2025-06
1072,C0055,Maya,Hair Color,Hair,2025-06-17,463.59,2025-06
1073,C0118,Rania,Nails,Nails,2025-06-21,169.18,2025-06
1074,C0129,Aisha,Lashes,Beauty,2025-06-22,282.95,2025-06
1075,C0200,Nour,Hair Styling,Hair,2025-06-16,156.94,2025-06
1076,C0071,Aisha,Nails,Nails,2025-06-20,160.01,2025-06
1077,C0199,Aisha,Hair Color,Hair,2025-06-14,373.59,2025-06
1078,C0068,Nour,Lashes,Beauty,2025-06-03,254.73,2025-06
1079,C0286,Aisha,Nails,Nails,2025-06-12,159.69,2025-06
1080,C0078,Rania,Waxing,Beauty,2025-06-13,124.05,2025-06
1081,C0066,Maya,Nails,Nails,2025-06-28,133.98,2025-06
1082,C0254,Sara,Massage,Wellness,2025-06-23,280.45,2025-06
1083,C0183,Sara,Lashes,Beauty,2025-06-14,287.48,2025-06
1084,C0272,Lina,Lashes,Beauty,2025-06-14,287.36,2025-06
1085,C0192,Sara,Hair Color,Hair,2025-06-06,452.32,2025-06
1086,C0246,Rania,Hair Styling,Hair,2025-06-27,173.65,2025-06
1087,C0019,Rania,Hair Color,Hair,2025-06-16,385.19,2025-06
1088,C0135,Lina,Hair Color,Hair,2025-06-05,482.16,2025-06
1089,C0069,Nour,Lashes,Beauty,2025-06-03,236.49,2025-06
1090,C0017,Maya,Facial,Skin Care,2025-06-06,300.26,2025-06
1091,C0106,Nour,Hair Styling,Hair,2025-06-11,173.29,2025-06
1092,C0266,Sara,Nails,Nails,2025-06-14,177.54,2025-06
1093,C0169,Maya,Hair Color,Hair,2025-06-02,370.63,2025-06
1094,C0257,Sara,Lashes,Beauty,2025-06-19,223.11,2025-06
1095,C0106,Nour,Hair Styling,Hair,2025-06-02,164.0,2025-06
1096,C0019,Maya,Facial,Skin Care,2025-06-05,333.04,2025-06
1097,C0125,Lina,Hair Styling,Hair,2025-06-06,198.43,2025-06
1098,C0002,Maya,Nails,Nails,2025-06-12,128.8,2025-06
1099,C0212,Sara,Hair Color,Hair,2025-06-10,433.34,2025-06
1100,C0240,Rania,Hair Styling,Hair,2025-06-14,180.48,2025-06
1101,C0167,Sara,Lashes,Beauty,2025-06-12,282.95,2025-06
1102,C0294,Rania,Massage,Wellness,2025-06-01,307.75,2025-06
1103,C0145,Lina,Waxing,Beauty,2025-06-10,115.27,2025-06
1104,C0120,Nour,Lashes,Beauty,2025-06-10,254.94,2025-06
1105,C0289,Lina,Nails,Nails,2025-06-07,159.74,2025-06
1106,C0298,Lina,Lashes,Beauty,2025-06-20,278.14,2025-06
1107,C0032,Maya,Hair Color,Hair,2025-06-10,478.71,2025-06
1108,C0057,Sara,Facial,Skin Care,2025-06-02,249.68,2025-06
1109,C0232,Aisha,Nails,Nails,2025-06-07,147.6,2025-06
1110,C0229,Maya,Waxing,Beauty,2025-06-01,113.02,2025-06
1111,C0110,Rania,Facial,Skin Care,2025-06-22,322.36,2025-06
1112,C0177,Lina,Hair Color,Hair,2025-06-12,372.67,2025-06
1113,C0013,Aisha,Waxing,Beauty,2025-06-01,125.71,2025-06
1114,C0275,Maya,Hair Color,Hair,2025-06-05,449.72,2025-06
1115,C0140,Maya,Lashes,Beauty,2025-06-01,237.17,2025-06
1116,C0112,Nour,Hair Styling,Hair,2025-06-25,183.59,2025-06
1117,C0285,Lina,Hair Styling,Hair,2025-06-19,157.02,2025-06
1118,C0255,Sara,Waxing,Beauty,2025-06-26,125.49,2025-06
1119,C0077,Nour,Massage,Wellness,2025-06-18,333.06,2025-06
1120,C0282,Maya,Facial,Skin Care,2025-06-05,245.81,2025-06
1121,C0254,Sara,Facial,Skin Care,2025-06-08,250.36,2025-06
1122,C0005,Lina,Waxing,Beauty,2025-06-13,108.74,2025-06
1123,C0178,Maya,Waxing,Beauty,2025-06-21,128.19,2025-06
1124,C0255,Sara,Nails,Nails,2025-06-28,162.66,2025-06
1125,C0108,Maya,Lashes,Beauty,2025-06-11,253.99,2025-06
1126,C0237,Nour,Massage,Wellness,2025-06-21,359.53,2025-06
1127,C0151,Lina,Nails,Nails,2025-06-13,171.98,2025-06
1128,C0104,Nour,Hair Color,Hair,2025-06-04,470.05,2025-06
1129,C0256,Aisha,Hair Color,Hair,2025-06-26,358.29,2025-06
1130,C0244,Rania,Hair Styling,Hair,2025-06-22,186.92,2025-06
1131,C0226,Nour,Facial,Skin Care,2025-06-02,249.83,2025-06
1132,C0078,Lina,Nails,Nails,2025-06-26,153.13,2025-06
1133,C0071,Aisha,Massage,Wellness,2025-06-01,283.93,2025-06
1134,C0171,Aisha,Lashes,Beauty,2025-06-10,293.82,2025-06
1135,C0182,Lina,Hair Color,Hair,2025-06-19,402.62,2025-06
1136,C0292,Aisha,Hair Color,Hair,2025-06-18,497.32,2025-06
1137,C0009,Nour,Nails,Nails,2025-06-05,140.05,2025-06
1138,C0226,Aisha,Waxing,Beauty,2025-06-25,133.12,2025-06
1139,C0207,Sara,Facial,Skin Care,2025-06-13,285.94,2025-06
1140,C0234,Aisha,Hair Color,Hair,2025-06-05,365.59,2025-06
1141,C0251,Lina,Hair Styling,Hair,2025-06-16,175.35,2025-06
1142,C0090,Aisha,Waxing,Beauty,2025-06-22,126.24,2025-06
1143,C0059,Aisha,Hair Color,Hair,2025-06-04,473.96,2025-06
1144,C0232,Rania,Facial,Skin Care,2025-06-17,263.13,2025-06
1145,C0048,Lina,Hair Styling,Hair,2025-06-08,176.2,2025-06
1146,C0080,Aisha,Nails,Nails,2025-06-17,172.48,2025-06
1147,C0195,Rania,Lashes,Beauty,2025-06-04,288.13,2025-06
1148,C0124,Aisha,Lashes,Beauty,2025-06-18,288.07,2025-06
1149,C0044,Maya,Hair Styling,Hair,2025-06-04,154.92,2025-06
1150,C0151,Sara,Waxing,Beauty,2025-06-15,125.42,2025-06
1151,C0037,Nour,Hair Color,Hair,2025-06-17,416.05,2025-06
1152,C0062,Sara,Facial,Skin Care,2025-06-14,298.28,2025-06
1153,C0300,Aisha,Hair Color,Hair,2025-06-13,471.67,2025-06
1154,C0194,Nour,Hair Styling,Hair,2025-06-02,173.96,2025-06
1155,C0231,Nour,Hair Styling,Hair,2025-06-09,181.77,2025-06
1156,C0128,Lina,Nails,Nails,2025-06-27,140.87,2025-06
1157,C0231,Rania,Nails,Nails,2025-06-17,134.04,2025-06
1158,C0145,Nour,Hair Color,Hair,2025-06-09,362.79,2025-06
1159,C0296,Rania,Hair Styling,Hair,2025-06-20,164.89,2025-06
1160,C0161,Nour,Nails,Nails,2025-06-18,142.74,2025-06
1161,C0292,Maya,Lashes,Beauty,2025-06-11,290.66,2025-06
1162,C0071,Maya,Hair Color,Hair,2025-06-25,431.92,2025-06
1163,C0238,Sara,Nails,Nails,2025-06-16,177.13,2025-06
1164,C0005,Nour,Nails,Nails,2025-06-28,142.13,2025-06
1165,C0193,Nour,Facial,Skin Care,2025-06-19,265.69,2025-06
1166,C0040,Lina,Hair Styling,Hair,2025-06-09,189.45,2025-06
1167,C0055,Sara,Lashes,Beauty,2025-06-13,243.8,2025-06
1168,C0184,Rania,Hair Color,Hair,2025-06-21,369.78,2025-06
1169,C0201,Aisha,Hair Color,Hair,2025-06-23,440.92,2025-06
1170,C0118,Maya,Facial,Skin Care,2025-06-24,329.89,2025-06
1171,C0283,Maya,Massage,Wellness,2025-06-17,311.44,2025-06
1172,C0246,Lina,Nails,Nails,2025-06-17,163.88,2025-06
1173,C0197,Rania,Hair Color,Hair,2025-06-08,486.74,2025-06
1174,C0196,Lina,Nails,Nails,2025-06-09,159.17,2025-06
1175,C0057,Lina,Hair Styling,Hair,2025-06-10,171.61,2025-06
1176,C0203,Lina,Facial,Skin Care,2025-06-24,274.36,2025-06
1177,C0265,Sara,Hair Styling,Hair,2025-06-28,209.43,2025-06
1178,C0283,Lina,Nails,Nails,2025-06-22,169.19,2025-06
1179,C0109,Aisha,Hair Color,Hair,2025-06-21,460.71,2025-06
1180,C0146,Rania,Hair Color,Hair,2025-06-07,378.1,2025-06
1181,C0167,Aisha,Hair Styling,Hair,2025-06-27,197.54,2025-06
1182,C0254,Maya,Facial,Skin Care,2025-06-22,323.06,2025-06
1183,C0201,Rania,Nails,Nails,2025-06-06,132.35,2025-06
1184,C0220,Rania,Massage,Wellness,2025-07-05,355.6,2025-07
1185,C0204,Maya,Waxing,Beauty,2025-07-25,142.6,2025-07
1186,C0166,Sara,Nails,Nails,2025-07-23,163.61,2025-07
1187,C0185,Sara,Waxing,Beauty,2025-07-07,107.84,2025-07
1188,C0146,Maya,Massage,Wellness,2025-07-10,329.67,2025-07
1189,C0017,Sara,Nails,Nails,2025-07-26,157.77,2025-07
1190,C0252,Lina,Nails,Nails,2025-07-19,127.64,2025-07
1191,C0045,Maya,Hair Styling,Hair,2025-07-06,195.64,2025-07
1192,C0078,Rania,Hair Color,Hair,2025-07-15,415.13,2025-07
1193,C0003,Rania,Waxing,Beauty,2025-07-03,121.33,2025-07
1194,C0093,Aisha,Lashes,Beauty,2025-07-12,222.91,2025-07
1195,C0138,Aisha,Facial,Skin Care,2025-07-04,291.39,2025-07
1196,C0219,Nour,Hair Color,Hair,2025-07-10,468.77,2025-07
1197,C0152,Lina,Nails,Nails,2025-07-04,148.02,2025-07
1198,C0168,Rania,Nails,Nails,2025-07-05,150.83,2025-07
1199,C0296,Nour,Nails,Nails,2025-07-25,141.56,2025-07
1200,C0262,Aisha,Waxing,Beauty,2025-07-27,137.48,2025-07
1201,C0258,Aisha,Hair Color,Hair,2025-07-17,391.16,2025-07
1202,C0171,Lina,Lashes,Beauty,2025-07-28,232.26,2025-07
1203,C0227,Sara,Lashes,Beauty,2025-07-23,239.11,2025-07
1204,C0103,Nour,Nails,Nails,2025-07-20,165.67,2025-07
1205,C0013,Maya,Hair Color,Hair,2025-07-12,454.36,2025-07
1206,C0128,Nour,Hair Styling,Hair,2025-07-16,200.36,2025-07
1207,C0011,Rania,Hair Styling,Hair,2025-07-26,169.42,2025-07
1208,C0116,Maya,Waxing,Beauty,2025-07-10,125.91,2025-07
1209,C0066,Rania,Nails,Nails,2025-07-13,128.92,2025-07
1210,C0226,Maya,Hair Color,Hair,2025-07-25,431.11,2025-07
1211,C0145,Nour,Nails,Nails,2025-07-07,156.58,2025-07
1212,C0238,Rania,Waxing,Beauty,2025-07-27,131.72,2025-07
1213,C0089,Sara,Hair Color,Hair,2025-07-20,489.26,2025-07
1214,C0052,Aisha,Hair Styling,Hair,2025-07-17,184.47,2025-07
1215,C0274,Rania,Nails,Nails,2025-07-07,155.26,2025-07
1216,C0138,Maya,Hair Styling,Hair,2025-07-19,207.57,2025-07
1217,C0225,Rania,Nails,Nails,2025-07-23,179.95,2025-07
1218,C0169,Lina,Facial,Skin Care,2025-07-02,285.88,2025-07
1219,C0148,Nour,Massage,Wellness,2025-07-07,300.75,2025-07
1220,C0128,Maya,Hair Styling,Hair,2025-07-27,160.08,2025-07
1221,C0226,Nour,Waxing,Beauty,2025-07-05,107.61,2025-07
1222,C0064,Nour,Waxing,Beauty,2025-07-19,131.83,2025-07
1223,C0260,Rania,Waxing,Beauty,2025-07-07,109.17,2025-07
1224,C0011,Aisha,Hair Color,Hair,2025-07-20,398.03,2025-07
1225,C0021,Rania,Massage,Wellness,2025-07-01,262.87,2025-07
1226,C0111,Maya,Massage,Wellness,2025-07-11,261.85,2025-07
1227,C0159,Sara,Waxing,Beauty,2025-07-03,123.6,2025-07
1228,C0084,Lina,Massage,Wellness,2025-07-06,350.74,2025-07
1229,C0069,Aisha,Hair Color,Hair,2025-07-12,371.26,2025-07
1230,C0114,Sara,Nails,Nails,2025-07-10,152.12,2025-07
1231,C0177,Lina,Nails,Nails,2025-07-15,176.4,2025-07
1232,C0230,Sara,Nails,Nails,2025-07-21,146.15,2025-07
1233,C0123,Aisha,Hair Styling,Hair,2025-07-15,174.61,2025-07
1234,C0013,Lina,Hair Styling,Hair,2025-07-15,161.8,2025-07
1235,C0090,Maya,Hair Styling,Hair,2025-07-06,195.26,2025-07
1236,C0264,Aisha,Facial,Skin Care,2025-07-25,251.45,2025-07
1237,C0200,Lina,Facial,Skin Care,2025-07-21,256.86,2025-07
1238,C0276,Maya,Facial,Skin Care,2025-07-24,240.45,2025-07
1239,C0265,Rania,Facial,Skin Care,2025-07-16,299.92,2025-07
1240,C0292,Sara,Lashes,Beauty,2025-07-16,263.46,2025-07
1241,C0232,Nour,Hair Color,Hair,2025-07-07,415.97,2025-07
1242,C0159,Rania,Hair Styling,Hair,2025-07-06,156.09,2025-07
1243,C0091,Nour,Massage,Wellness,2025-07-25,311.84,2025-07
1244,C0220,Nour,Hair Styling,Hair,2025-07-11,199.32,2025-07
1245,C0283,Maya,Lashes,Beauty,2025-07-04,230.51,2025-07
1246,C0129,Maya,Hair Styling,Hair,2025-07-21,195.6,2025-07
1247,C0006,Nour,Nails,Nails,2025-07-03,145.52,2025-07
1248,C0082,Maya,Hair Color,Hair,2025-07-26,471.2,2025-07
1249,C0024,Sara,Hair Styling,Hair,2025-07-07,200.09,2025-07
1250,C0117,Sara,Facial,Skin Care,2025-07-01,268.79,2025-07
1251,C0046,Lina,Massage,Wellness,2025-07-03,277.04,2025-07
1252,C0024,Maya,Hair Color,Hair,2025-07-13,448.32,2025-07
1253,C0016,Lina,Lashes,Beauty,2025-07-16,256.3,2025-07
1254,C0271,Aisha,Facial,Skin Care,2025-07-16,260.82,2025-07
1255,C0115,Sara,Nails,Nails,2025-07-26,171.22,2025-07
1256,C0075,Maya,Nails,Nails,2025-07-10,148.79,2025-07
1257,C0215,Lina,Massage,Wellness,2025-07-18,350.14,2025-07
1258,C0026,Aisha,Nails,Nails,2025-07-17,141.1,2025-07
1259,C0132,Sara,Hair Styling,Hair,2025-07-09,194.36,2025-07
1260,C0001,Sara,Nails,Nails,2025-07-28,177.15,2025-07
1261,C0036,Aisha,Hair Color,Hair,2025-07-22,401.65,2025-07
1262,C0065,Nour,Facial,Skin Care,2025-07-19,288.45,2025-07
1263,C0109,Sara,Hair Styling,Hair,2025-07-11,161.21,2025-07
1264,C0292,Sara,Waxing,Beauty,2025-07-04,124.89,2025-07
1265,C0022,Maya,Waxing,Beauty,2025-07-09,116.87,2025-07
1266,C0047,Nour,Lashes,Beauty,2025-07-07,272.23,2025-07
1267,C0188,Lina,Hair Styling,Hair,2025-07-16,181.7,2025-07
1268,C0002,Sara,Waxing,Beauty,2025-07-05,143.65,2025-07
1269,C0099,Maya,Hair Styling,Hair,2025-07-01,182.42,2025-07
1270,C0002,Lina,Lashes,Beauty,2025-07-20,233.82,2025-07
1271,C0144,Sara,Hair Color,Hair,2025-07-18,482.99,2025-07
1272,C0012,Lina,Facial,Skin Care,2025-07-23,280.15,2025-07
1273,C0171,Aisha,Facial,Skin Care,2025-07-10,247.64,2025-07
1274,C0100,Maya,Massage,Wellness,2025-07-17,280.13,2025-07
1275,C0143,Rania,Hair Color,Hair,2025-07-18,491.09,2025-07
1276,C0082,Maya,Lashes,Beauty,2025-07-04,214.96,2025-07
1277,C0075,Rania,Hair Styling,Hair,2025-07-16,204.85,2025-07
1278,C0102,Nour,Massage,Wellness,2025-07-10,346.2,2025-07
1279,C0058,Aisha,Facial,Skin Care,2025-07-20,327.44,2025-07
1280,C0092,Sara,Waxing,Beauty,2025-07-23,105.23,2025-07
1281,C0069,Nour,Massage,Wellness,2025-07-12,307.8,2025-07
1282,C0030,Maya,Massage,Wellness,2025-07-03,272.19,2025-07
1283,C0253,Rania,Hair Color,Hair,2025-07-25,476.95,2025-07
1284,C0068,Aisha,Hair Styling,Hair,2025-07-03,178.16,2025-07
1285,C0130,Nour,Lashes,Beauty,2025-07-03,291.78,2025-07
1286,C0047,Maya,Hair Styling,Hair,2025-07-12,194.45,2025-07
1287,C0058,Maya,Hair Color,Hair,2025-07-05,401.97,2025-07
1288,C0162,Nour,Lashes,Beauty,2025-07-11,276.54,2025-07
1289,C0055,Lina,Nails,Nails,2025-07-22,134.21,2025-07
1290,C0053,Rania,Massage,Wellness,2025-07-24,304.83,2025-07
1291,C0204,Aisha,Lashes,Beauty,2025-07-10,264.6,2025-07
1292,C0146,Nour,Lashes,Beauty,2025-07-02,234.27,2025-07
1293,C0278,Nour,Facial,Skin Care,2025-07-12,240.82,2025-07
1294,C0030,Maya,Hair Color,Hair,2025-07-28,388.09,2025-07
1295,C0281,Lina,Hair Styling,Hair,2025-07-20,213.46,2025-07
1296,C0211,Lina,Nails,Nails,2025-07-08,167.52,2025-07
1297,C0170,Nour,Hair Styling,Hair,2025-07-19,189.96,2025-07
1298,C0229,Lina,Nails,Nails,2025-07-19,165.2,2025-07
1299,C0026,Sara,Hair Color,Hair,2025-07-07,501.39,2025-07
1300,C0177,Maya,Nails,Nails,2025-07-21,150.61,2025-07
1301,C0161,Lina,Facial,Skin Care,2025-07-28,310.42,2025-07
1302,C0117,Rania,Nails,Nails,2025-07-18,153.11,2025-07
1303,C0154,Aisha,Massage,Wellness,2025-07-01,328.72,2025-07
1304,C0046,Maya,Hair Styling,Hair,2025-07-06,171.33,2025-07
1305,C0072,Sara,Nails,Nails,2025-07-27,165.23,2025-07
1306,C0070,Rania,Hair Color,Hair,2025-07-26,425.2,2025-07
1307,C0140,Lina,Hair Color,Hair,2025-07-07,496.98,2025-07
1308,C0104,Maya,Facial,Skin Care,2025-07-16,326.07,2025-07
1309,C0183,Lina,Massage,Wellness,2025-07-10,303.16,2025-07
1310,C0269,Maya,Hair Styling,Hair,2025-07-25,182.5,2025-07
1311,C0131,Maya,Lashes,Beauty,2025-07-06,249.16,2025-07
1312,C0192,Aisha,Massage,Wellness,2025-07-16,324.97,2025-07
1313,C0133,Lina,Lashes,Beauty,2025-07-09,250.11,2025-07
1314,C0129,Lina,Hair Color,Hair,2025-07-05,462.48,2025-07
1315,C0297,Maya,Hair Styling,Hair,2025-07-12,179.0,2025-07
1316,C0099,Rania,Hair Styling,Hair,2025-07-24,178.63,2025-07
1317,C0029,Lina,Lashes,Beauty,2025-07-14,272.41,2025-07
1318,C0299,Maya,Facial,Skin Care,2025-07-10,242.07,2025-07
1319,C0258,Maya,Hair Styling,Hair,2025-07-19,197.25,2025-07
1320,C0029,Lina,Lashes,Beauty,2025-07-26,284.73,2025-07
1321,C0294,Nour,Facial,Skin Care,2025-07-16,310.72,2025-07
1322,C0198,Sara,Waxing,Beauty,2025-07-10,118.81,2025-07
1323,C0168,Maya,Nails,Nails,2025-07-27,174.62,2025-07
1324,C0248,Rania,Massage,Wellness,2025-07-12,341.68,2025-07
1325,C0085,Lina,Waxing,Beauty,2025-07-09,137.71,2025-07
1326,C0216,Aisha,Hair Color,Hair,2025-07-02,440.41,2025-07
1327,C0220,Sara,Hair Color,Hair,2025-07-19,415.75,2025-07
1328,C0105,Lina,Hair Styling,Hair,2025-07-02,162.01,2025-07
1329,C0058,Nour,Massage,Wellness,2025-07-21,324.92,2025-07
1330,C0255,Nour,Massage,Wellness,2025-07-20,349.84,2025-07
1331,C0121,Maya,Hair Styling,Hair,2025-07-02,196.12,2025-07
1332,C0001,Lina,Nails,Nails,2025-07-01,135.34,2025-07
1333,C0291,Sara,Waxing,Beauty,2025-07-16,110.95,2025-07
1334,C0205,Aisha,Lashes,Beauty,2025-07-07,263.68,2025-07
1335,C0069,Rania,Waxing,Beauty,2025-07-21,136.35,2025-07
1336,C0016,Maya,Waxing,Beauty,2025-07-20,123.88,2025-07
1337,C0039,Aisha,Hair Color,Hair,2025-07-10,400.64,2025-07
1338,C0172,Aisha,Hair Styling,Hair,2025-07-24,158.72,2025-07
1339,C0077,Sara,Hair Styling,Hair,2025-07-18,154.0,2025-07
1340,C0214,Aisha,Nails,Nails,2025-07-04,168.92,2025-07
1341,C0263,Sara,Lashes,Beauty,2025-07-18,282.7,2025-07
1342,C0227,Maya,Facial,Skin Care,2025-07-16,250.46,2025-07
1343,C0079,Aisha,Lashes,Beauty,2025-07-14,278.9,2025-07
1344,C0057,Lina,Hair Styling,Hair,2025-07-23,165.08,2025-07
1345,C0158,Lina,Massage,Wellness,2025-07-20,311.25,2025-07
1346,C0151,Rania,Lashes,Beauty,2025-07-18,242.33,2025-07
1347,C0073,Aisha,Waxing,Beauty,2025-07-18,136.94,2025-07
1348,C0219,Rania,Massage,Wellness,2025-07-19,331.24,2025-07
1349,C0196,Maya,Lashes,Beauty,2025-07-20,255.07,2025-07
1350,C0218,Nour,Hair Color,Hair,2025-07-27,496.54,2025-07
1351,C0007,Lina,Nails,Nails,2025-07-16,143.62,2025-07
1352,C0291,Aisha,Facial,Skin Care,2025-07-12,292.07,2025-07
1353,C0273,Aisha,Lashes,Beauty,2025-07-16,241.27,2025-07
1354,C0066,Aisha,Nails,Nails,2025-07-25,141.99,2025-07
1355,C0103,Aisha,Lashes,Beauty,2025-07-03,214.35,2025-07
1356,C0226,Nour,Lashes,Beauty,2025-07-13,295.21,2025-07
1357,C0199,Rania,Waxing,Beauty,2025-07-22,110.32,2025-07
1358,C0285,Maya,Waxing,Beauty,2025-07-27,120.01,2025-07
1359,C0256,Maya,Hair Color,Hair,2025-07-04,433.32,2025-07
1360,C0025,Lina,Hair Color,Hair,2025-07-22,495.73,2025-07
1361,C0037,Maya,Massage,Wellness,2025-07-18,312.21,2025-07
1362,C0182,Maya,Nails,Nails,2025-07-08,151.31,2025-07
1363,C0235,Lina,Nails,Nails,2025-07-28,138.11,2025-07
1364,C0087,Lina,Waxing,Beauty,2025-07-04,135.04,2025-07
1365,C0165,Nour,Hair Styling,Hair,2025-07-05,170.93,2025-07
1366,C0084,Sara,Facial,Skin Care,2025-07-02,245.59,2025-07
1367,C0059,Maya,Nails,Nails,2025-07-23,176.49,2025-07
1368,C0123,Nour,Facial,Skin Care,2025-07-02,284.19,2025-07
1369,C0118,Maya,Hair Styling,Hair,2025-07-18,200.66,2025-07
1370,C0181,Rania,Facial,Skin Care,2025-07-12,330.73,2025-07
1371,C0021,Maya,Nails,Nails,2025-07-25,163.2,2025-07
1372,C0149,Sara,Lashes,Beauty,2025-07-22,224.4,2025-07
1373,C0141,Nour,Massage,Wellness,2025-07-23,256.66,2025-07
1374,C0121,Lina,Hair Color,Hair,2025-07-09,428.88,2025-07
1375,C0243,Aisha,Facial,Skin Care,2025-07-18,301.66,2025-07
1376,C0006,Rania,Hair Styling,Hair,2025-07-02,205.7,2025-07
1377,C0237,Maya,Hair Styling,Hair,2025-07-12,208.59,2025-07
1378,C0135,Rania,Hair Color,Hair,2025-07-17,444.24,2025-07
1379,C0262,Lina,Massage,Wellness,2025-07-17,257.31,2025-07
1380,C0290,Lina,Hair Styling,Hair,2025-07-24,196.94,2025-07
1381,C0044,Sara,Facial,Skin Care,2025-07-18,251.84,2025-07
1382,C0199,Nour,Hair Color,Hair,2025-07-28,367.66,2025-07
1383,C0116,Nour,Massage,Wellness,2025-07-03,323.28,2025-07
1384,C0220,Maya,Massage,Wellness,2025-07-14,305.79,2025-07
1385,C0100,Nour,Waxing,Beauty,2025-07-04,131.09,2025-07
1386,C0103,Maya,Hair Styling,Hair,2025-07-08,169.88,2025-07
1387,C0092,Rania,Hair Styling,Hair,2025-07-08,203.3,2025-07
1388,C0242,Rania,Nails,Nails,2025-07-21,129.98,2025-07
1389,C0007,Rania,Massage,Wellness,2025-07-16,336.97,2025-07
1390,C0250,Sara,Massage,Wellness,2025-07-15,313.18,2025-07
1391,C0263,Nour,Hair Styling,Hair,2025-07-08,175.31,2025-07
1392,C0058,Aisha,Hair Color,Hair,2025-07-19,389.5,2025-07
1393,C0173,Maya,Lashes,Beauty,2025-07-16,265.59,2025-07
1394,C0039,Lina,Hair Styling,Hair,2025-07-25,158.76,2025-07
1395,C0147,Sara,Hair Styling,Hair,2025-07-19,178.22,2025-07
1396,C0240,Maya,Lashes,Beauty,2025-07-01,285.68,2025-07
1397,C0105,Maya,Nails,Nails,2025-07-05,154.78,2025-07
1398,C0262,Lina,Waxing,Beauty,2025-07-22,123.04,2025-07
1399,C0222,Maya,Hair Color,Hair,2025-07-27,489.23,2025-07
1400,C0226,Sara,Lashes,Beauty,2025-08-10,252.12,2025-08
1401,C0111,Rania,Facial,Skin Care,2025-08-28,263.06,2025-08
1402,C0155,Aisha,Hair Color,Hair,2025-08-19,478.55,2025-08
1403,C0288,Nour,Lashes,Beauty,2025-08-08,230.66,2025-08
1404,C0098,Aisha,Hair Styling,Hair,2025-08-10,186.73,2025-08
1405,C0084,Maya,Hair Styling,Hair,2025-08-07,177.53,2025-08
1406,C0152,Maya,Waxing,Beauty,2025-08-23,116.71,2025-08
1407,C0295,Lina,Hair Color,Hair,2025-08-08,472.09,2025-08
1408,C0219,Sara,Facial,Skin Care,2025-08-08,254.03,2025-08
1409,C0273,Aisha,Nails,Nails,2025-08-12,155.11,2025-08
1410,C0221,Aisha,Nails,Nails,2025-08-16,162.71,2025-08
1411,C0186,Nour,Hair Color,Hair,2025-08-13,385.59,2025-08
1412,C0121,Nour,Hair Styling,Hair,2025-08-19,196.16,2025-08
1413,C0010,Aisha,Facial,Skin Care,2025-08-14,273.22,2025-08
1414,C0177,Aisha,Massage,Wellness,2025-08-12,297.91,2025-08
1415,C0039,Nour,Massage,Wellness,2025-08-04,295.57,2025-08
1416,C0056,Rania,Hair Color,Hair,2025-08-08,466.48,2025-08
1417,C0291,Nour,Nails,Nails,2025-08-24,142.53,2025-08
1418,C0196,Sara,Lashes,Beauty,2025-08-23,268.1,2025-08
1419,C0225,Maya,Hair Styling,Hair,2025-08-11,170.24,2025-08
1420,C0007,Lina,Lashes,Beauty,2025-08-12,213.14,2025-08
1421,C0090,Aisha,Facial,Skin Care,2025-08-16,328.24,2025-08
1422,C0292,Aisha,Nails,Nails,2025-08-23,177.11,2025-08
1423,C0093,Maya,Nails,Nails,2025-08-13,140.11,2025-08
1424,C0033,Sara,Facial,Skin Care,2025-08-08,272.96,2025-08
1425,C0224,Rania,Massage,Wellness,2025-08-23,319.62,2025-08
1426,C0109,Nour,Hair Color,Hair,2025-08-21,362.79,2025-08
1427,C0141,Sara,Massage,Wellness,2025-08-05,348.43,2025-08
1428,C0067,Rania,Lashes,Beauty,2025-08-15,268.99,2025-08
1429,C0086,Rania,Lashes,Beauty,2025-08-18,236.98,2025-08
1430,C0298,Sara,Facial,Skin Care,2025-08-01,309.27,2025-08
1431,C0136,Sara,Hair Color,Hair,2025-08-16,430.23,2025-08
1432,C0254,Nour,Waxing,Beauty,2025-08-27,130.74,2025-08
1433,C0019,Rania,Facial,Skin Care,2025-08-16,332.1,2025-08
1434,C0090,Sara,Nails,Nails,2025-08-04,143.21,2025-08
1435,C0073,Maya,Hair Color,Hair,2025-08-15,384.86,2025-08
1436,C0224,Rania,Waxing,Beauty,2025-08-07,134.55,2025-08
1437,C0226,Rania,Massage,Wellness,2025-08-03,303.85,2025-08
1438,C0210,Aisha,Facial,Skin Care,2025-08-05,248.08,2025-08
1439,C0184,Aisha,Hair Color,Hair,2025-08-22,443.85,2025-08
1440,C0133,Aisha,Nails,Nails,2025-08-27,168.17,2025-08
1441,C0046,Rania,Massage,Wellness,2025-08-22,346.79,2025-08
1442,C0039,Nour,Hair Styling,Hair,2025-08-19,198.54,2025-08
1443,C0161,Lina,Facial,Skin Care,2025-08-08,332.94,2025-08
1444,C0113,Rania,Facial,Skin Care,2025-08-07,320.43,2025-08
1445,C0118,Aisha,Hair Color,Hair,2025-08-07,490.28,2025-08
1446,C0113,Sara,Lashes,Beauty,2025-08-20,232.66,2025-08
1447,C0045,Sara,Lashes,Beauty,2025-08-27,289.78,2025-08
1448,C0228,Maya,Nails,Nails,2025-08-17,141.22,2025-08
1449,C0190,Maya,Nails,Nails,2025-08-09,169.31,2025-08
1450,C0204,Nour,Lashes,Beauty,2025-08-08,266.93,2025-08
1451,C0083,Rania,Lashes,Beauty,2025-08-21,267.61,2025-08
1452,C0171,Aisha,Hair Styling,Hair,2025-08-20,169.92,2025-08
1453,C0129,Aisha,Hair Color,Hair,2025-08-07,366.67,2025-08
1454,C0025,Maya,Massage,Wellness,2025-08-24,268.72,2025-08
1455,C0280,Lina,Lashes,Beauty,2025-08-01,230.1,2025-08
1456,C0228,Sara,Hair Styling,Hair,2025-08-04,194.48,2025-08
1457,C0229,Aisha,Massage,Wellness,2025-08-10,344.72,2025-08
1458,C0031,Maya,Waxing,Beauty,2025-08-13,135.56,2025-08
1459,C0196,Lina,Hair Color,Hair,2025-08-02,435.95,2025-08
1460,C0077,Nour,Nails,Nails,2025-08-07,177.89,2025-08
1461,C0102,Nour,Massage,Wellness,2025-08-19,257.61,2025-08
1462,C0061,Maya,Waxing,Beauty,2025-08-11,111.77,2025-08
1463,C0157,Lina,Hair Styling,Hair,2025-08-06,168.77,2025-08
1464,C0113,Aisha,Nails,Nails,2025-08-26,159.37,2025-08
1465,C0153,Aisha,Massage,Wellness,2025-08-07,283.2,2025-08
1466,C0010,Sara,Facial,Skin Care,2025-08-18,287.27,2025-08
1467,C0052,Lina,Lashes,Beauty,2025-08-05,240.26,2025-08
1468,C0093,Sara,Lashes,Beauty,2025-08-27,274.89,2025-08
1469,C0153,Maya,Massage,Wellness,2025-08-22,280.22,2025-08
1470,C0006,Sara,Facial,Skin Care,2025-08-04,253.17,2025-08
1471,C0089,Maya,Hair Styling,Hair,2025-08-23,194.33,2025-08
1472,C0056,Sara,Facial,Skin Care,2025-08-14,238.57,2025-08
1473,C0272,Sara,Facial,Skin Care,2025-08-14,333.53,2025-08
1474,C0275,Aisha,Nails,Nails,2025-08-03,176.09,2025-08
1475,C0150,Rania,Massage,Wellness,2025-08-10,346.75,2025-08
1476,C0218,Nour,Hair Color,Hair,2025-08-05,462.7,2025-08
1477,C0239,Lina,Lashes,Beauty,2025-08-24,252.22,2025-08
1478,C0191,Rania,Waxing,Beauty,2025-08-16,133.46,2025-08
1479,C0296,Aisha,Hair Styling,Hair,2025-08-11,201.45,2025-08
1480,C0185,Aisha,Facial,Skin Care,2025-08-11,330.56,2025-08
1481,C0216,Sara,Nails,Nails,2025-08-28,141.07,2025-08
1482,C0249,Nour,Hair Color,Hair,2025-08-26,484.82,2025-08
1483,C0022,Aisha,Hair Styling,Hair,2025-08-18,195.39,2025-08
1484,C0051,Rania,Hair Color,Hair,2025-08-26,411.58,2025-08
1485,C0193,Sara,Nails,Nails,2025-08-10,152.97,2025-08
1486,C0267,Sara,Massage,Wellness,2025-08-06,285.01,2025-08
1487,C0292,Sara,Facial,Skin Care,2025-08-11,306.55,2025-08
1488,C0184,Aisha,Facial,Skin Care,2025-08-09,329.12,2025-08
1489,C0266,Sara,Massage,Wellness,2025-08-09,316.67,2025-08
1490,C0198,Lina,Lashes,Beauty,2025-08-11,232.34,2025-08
1491,C0116,Sara,Hair Styling,Hair,2025-08-13,184.34,2025-08
1492,C0071,Maya,Waxing,Beauty,2025-08-18,130.8,2025-08
1493,C0084,Maya,Nails,Nails,2025-08-02,148.96,2025-08
1494,C0133,Lina,Nails,Nails,2025-08-10,135.36,2025-08
1495,C0213,Sara,Facial,Skin Care,2025-08-19,273.18,2025-08
1496,C0278,Sara,Lashes,Beauty,2025-08-04,239.25,2025-08
1497,C0280,Rania,Hair Styling,Hair,2025-08-01,161.21,2025-08
1498,C0208,Nour,Waxing,Beauty,2025-08-28,103.75,2025-08
1499,C0238,Aisha,Hair Color,Hair,2025-08-16,438.63,2025-08
1500,C0029,Nour,Hair Color,Hair,2025-08-11,484.07,2025-08
1501,C0285,Lina,Nails,Nails,2025-08-10,148.55,2025-08
1502,C0204,Maya,Hair Color,Hair,2025-08-10,474.45,2025-08
1503,C0056,Nour,Waxing,Beauty,2025-08-26,125.6,2025-08
1504,C0231,Sara,Waxing,Beauty,2025-08-24,114.38,2025-08
1505,C0049,Aisha,Hair Color,Hair,2025-08-14,416.74,2025-08
1506,C0168,Nour,Massage,Wellness,2025-08-04,312.23,2025-08
1507,C0146,Sara,Hair Styling,Hair,2025-08-22,167.62,2025-08
1508,C0211,Rania,Hair Styling,Hair,2025-08-06,153.79,2025-08
1509,C0037,Lina,Hair Color,Hair,2025-08-16,425.88,2025-08
1510,C0214,Rania,Lashes,Beauty,2025-08-26,215.58,2025-08
1511,C0286,Sara,Hair Styling,Hair,2025-08-02,187.63,2025-08
1512,C0132,Nour,Hair Styling,Hair,2025-08-10,153.69,2025-08
1513,C0253,Lina,Facial,Skin Care,2025-08-18,330.49,2025-08
1514,C0201,Sara,Nails,Nails,2025-08-26,135.0,2025-08
1515,C0042,Nour,Facial,Skin Care,2025-08-10,321.64,2025-08
1516,C0105,Maya,Nails,Nails,2025-08-03,166.75,2025-08
1517,C0056,Sara,Facial,Skin Care,2025-08-07,267.82,2025-08
1518,C0162,Aisha,Nails,Nails,2025-08-23,171.44,2025-08
1519,C0188,Rania,Hair Color,Hair,2025-08-19,398.23,2025-08
1520,C0014,Sara,Hair Styling,Hair,2025-08-26,214.27,2025-08
1521,C0036,Nour,Hair Color,Hair,2025-08-26,486.55,2025-08
1522,C0204,Lina,Waxing,Beauty,2025-08-22,128.72,2025-08
1523,C0010,Maya,Hair Color,Hair,2025-08-18,465.31,2025-08
1524,C0065,Sara,Hair Styling,Hair,2025-08-21,179.85,2025-08
1525,C0105,Maya,Hair Color,Hair,2025-08-23,415.8,2025-08
1526,C0231,Nour,Waxing,Beauty,2025-08-02,137.72,2025-08
1527,C0001,Nour,Hair Color,Hair,2025-08-13,375.37,2025-08
1528,C0109,Lina,Nails,Nails,2025-08-23,142.49,2025-08
1529,C0139,Sara,Hair Styling,Hair,2025-08-14,159.22,2025-08
1530,C0287,Aisha,Hair Color,Hair,2025-08-27,425.26,2025-08
1531,C0205,Lina,Lashes,Beauty,2025-08-21,249.8,2025-08
1532,C0020,Aisha,Hair Styling,Hair,2025-08-17,159.29,2025-08
1533,C0054,Maya,Nails,Nails,2025-08-04,130.37,2025-08
1534,C0290,Lina,Waxing,Beauty,2025-08-23,131.81,2025-08
1535,C0130,Rania,Lashes,Beauty,2025-08-18,277.92,2025-08
1536,C0001,Nour,Hair Color,Hair,2025-08-12,388.39,2025-08
1537,C0053,Sara,Hair Color,Hair,2025-08-15,482.38,2025-08
1538,C0147,Rania,Massage,Wellness,2025-08-18,349.93,2025-08
1539,C0277,Maya,Facial,Skin Care,2025-08-20,253.62,2025-08
1540,C0201,Rania,Hair Styling,Hair,2025-08-26,160.63,2025-08
1541,C0196,Maya,Hair Color,Hair,2025-08-04,418.19,2025-08
1542,C0179,Aisha,Nails,Nails,2025-08-19,147.77,2025-08
1543,C0153,Lina,Hair Styling,Hair,2025-08-16,185.01,2025-08
1544,C0019,Maya,Facial,Skin Care,2025-08-22,245.05,2025-08
1545,C0013,Aisha,Hair Color,Hair,2025-08-15,386.49,2025-08
1546,C0077,Lina,Hair Styling,Hair,2025-08-28,189.42,2025-08
1547,C0297,Maya,Nails,Nails,2025-08-22,165.97,2025-08
1548,C0156,Nour,Hair Color,Hair,2025-08-26,428.39,2025-08
1549,C0132,Lina,Lashes,Beauty,2025-08-23,230.52,2025-08
1550,C0038,Sara,Waxing,Beauty,2025-08-14,102.21,2025-08
1551,C0253,Aisha,Nails,Nails,2025-08-02,135.34,2025-08
1552,C0270,Maya,Massage,Wellness,2025-08-15,352.65,2025-08
1553,C0170,Maya,Nails,Nails,2025-08-08,133.36,2025-08
1554,C0200,Sara,Hair Color,Hair,2025-08-19,419.0,2025-08
1555,C0228,Aisha,Facial,Skin Care,2025-08-12,312.76,2025-08
1556,C0165,Lina,Waxing,Beauty,2025-08-21,117.84,2025-08
1557,C0203,Sara,Massage,Wellness,2025-08-14,323.09,2025-08
1558,C0047,Rania,Nails,Nails,2025-08-08,175.32,2025-08
1559,C0139,Nour,Massage,Wellness,2025-08-21,260.09,2025-08
1560,C0077,Maya,Facial,Skin Care,2025-08-09,275.46,2025-08
1561,C0275,Lina,Hair Color,Hair,2025-08-28,370.75,2025-08
1562,C0245,Maya,Nails,Nails,2025-08-28,130.09,2025-08
1563,C0201,Aisha,Nails,Nails,2025-08-26,143.78,2025-08
1564,C0033,Aisha,Facial,Skin Care,2025-08-15,238.46,2025-08
1565,C0112,Maya,Waxing,Beauty,2025-08-27,108.17,2025-08
1566,C0003,Nour,Hair Color,Hair,2025-08-20,490.53,2025-08
1567,C0059,Nour,Waxing,Beauty,2025-08-16,117.11,2025-08
1568,C0246,Aisha,Hair Color,Hair,2025-08-17,412.14,2025-08
1569,C0255,Sara,Massage,Wellness,2025-08-18,352.97,2025-08
1570,C0199,Sara,Hair Styling,Hair,2025-08-01,206.08,2025-08
1571,C0249,Rania,Hair Styling,Hair,2025-08-14,189.36,2025-08
1572,C0052,Rania,Hair Color,Hair,2025-08-25,381.62,2025-08
1573,C0020,Aisha,Hair Styling,Hair,2025-08-22,195.35,2025-08
1574,C0133,Nour,Massage,Wellness,2025-08-02,342.67,2025-08
1575,C0116,Nour,Nails,Nails,2025-08-16,135.76,2025-08
1576,C0270,Sara,Hair Color,Hair,2025-08-06,392.27,2025-08
1577,C0010,Aisha,Facial,Skin Care,2025-08-03,303.37,2025-08
1578,C0283,Lina,Waxing,Beauty,2025-08-25,111.93,2025-08
1579,C0271,Lina,Waxing,Beauty,2025-08-25,134.2,2025-08
1580,C0131,Aisha,Waxing,Beauty,2025-08-20,106.25,2025-08
1581,C0023,Lina,Waxing,Beauty,2025-08-02,113.75,2025-08
1582,C0052,Aisha,Waxing,Beauty,2025-08-28,112.14,2025-08
1583,C0141,Nour,Facial,Skin Care,2025-08-19,318.05,2025-08
1584,C0152,Sara,Hair Styling,Hair,2025-08-04,199.16,2025-08
1585,C0148,Rania,Hair Styling,Hair,2025-08-04,203.95,2025-08
1586,C0190,Maya,Facial,Skin Care,2025-08-12,281.68,2025-08
1587,C0025,Sara,Massage,Wellness,2025-08-20,271.14,2025-08
1588,C0126,Maya,Facial,Skin Care,2025-08-09,287.57,2025-08
1589,C0177,Rania,Massage,Wellness,2025-08-20,295.22,2025-08
1590,C0105,Lina,Hair Color,Hair,2025-08-08,428.6,2025-08
1591,C0144,Aisha,Nails,Nails,2025-08-18,141.82,2025-08
1592,C0186,Aisha,Nails,Nails,2025-08-26,156.69,2025-08
1593,C0270,Nour,Massage,Wellness,2025-08-12,309.62,2025-08
1594,C0072,Maya,Hair Styling,Hair,2025-08-19,190.86,2025-08
1595,C0023,Sara,Hair Color,Hair,2025-08-23,492.9,2025-08
1596,C0063,Aisha,Massage,Wellness,2025-08-01,278.25,2025-08
1597,C0192,Sara,Facial,Skin Care,2025-08-23,310.35,2025-08
1598,C0152,Nour,Nails,Nails,2025-08-28,152.92,2025-08
1599,C0266,Aisha,Facial,Skin Care,2025-08-15,298.62,2025-08
1600,C0065,Aisha,Massage,Wellness,2025-08-28,305.61,2025-08
1601,C0254,Nour,Hair Styling,Hair,2025-08-05,172.5,2025-08
1602,C0070,Sara,Hair Styling,Hair,2025-08-17,167.91,2025-08
1603,C0054,Sara,Hair Color,Hair,2025-08-10,497.98,2025-08
1604,C0266,Maya,Hair Color,Hair,2025-08-09,428.45,2025-08
1605,C0119,Lina,Waxing,Beauty,2025-08-05,119.47,2025-08
1606,C0101,Sara,Nails,Nails,2025-08-20,137.54,2025-08
1607,C0092,Nour,Waxing,Beauty,2025-08-10,104.76,2025-08
1608,C0218,Rania,Hair Styling,Hair,2025-08-24,186.64,2025-08
1609,C0062,Maya,Lashes,Beauty,2025-08-25,218.61,2025-08
1610,C0072,Rania,Massage,Wellness,2025-08-26,284.68,2025-08
1611,C0234,Lina,Nails,Nails,2025-08-22,167.61,2025-08
1612,C0269,Maya,Waxing,Beauty,2025-08-07,128.3,2025-08
1613,C0290,Aisha,Massage,Wellness,2025-08-20,268.92,2025-08
1614,C0288,Sara,Lashes,Beauty,2025-08-06,278.46,2025-08
1615,C0118,Maya,Facial,Skin Care,2025-08-21,261.45,2025-08
1616,C0271,Rania,Hair Color,Hair,2025-08-11,477.95,2025-08
1617,C0210,Sara,Facial,Skin Care,2025-09-26,309.53,2025-09
1618,C0184,Lina,Nails,Nails,2025-09-27,150.52,2025-09
1619,C0253,Nour,Nails,Nails,2025-09-24,141.28,2025-09
1620,C0219,Maya,Waxing,Beauty,2025-09-21,116.54,2025-09
1621,C0238,Maya,Hair Styling,Hair,2025-09-28,182.99,2025-09
1622,C0068,Sara,Hair Color,Hair,2025-09-17,430.71,2025-09
1623,C0111,Maya,Hair Styling,Hair,2025-09-04,172.83,2025-09
1624,C0200,Lina,Nails,Nails,2025-09-26,153.85,2025-09
1625,C0189,Lina,Hair Styling,Hair,2025-09-01,200.72,2025-09
1626,C0271,Rania,Facial,Skin Care,2025-09-19,250.85,2025-09
1627,C0138,Rania,Massage,Wellness,2025-09-26,293.75,2025-09
1628,C0223,Lina,Hair Styling,Hair,2025-09-05,211.84,2025-09
1629,C0023,Nour,Nails,Nails,2025-09-24,169.22,2025-09
1630,C0283,Lina,Nails,Nails,2025-09-04,135.24,2025-09
1631,C0047,Aisha,Hair Styling,Hair,2025-09-07,159.37,2025-09
1632,C0090,Rania,Massage,Wellness,2025-09-28,301.06,2025-09
1633,C0260,Aisha,Hair Color,Hair,2025-09-10,483.2,2025-09
1634,C0103,Sara,Massage,Wellness,2025-09-16,299.45,2025-09
1635,C0060,Aisha,Hair Color,Hair,2025-09-28,487.48,2025-09
1636,C0217,Maya,Facial,Skin Care,2025-09-26,323.14,2025-09
1637,C0114,Lina,Waxing,Beauty,2025-09-07,140.03,2025-09
1638,C0207,Maya,Waxing,Beauty,2025-09-07,104.35,2025-09
1639,C0257,Lina,Hair Styling,Hair,2025-09-25,173.31,2025-09
1640,C0187,Rania,Hair Color,Hair,2025-09-10,489.88,2025-09
1641,C0240,Nour,Hair Color,Hair,2025-09-26,501.37,2025-09
1642,C0118,Rania,Nails,Nails,2025-09-06,140.96,2025-09
1643,C0293,Lina,Hair Styling,Hair,2025-09-22,203.77,2025-09
1644,C0292,Maya,Nails,Nails,2025-09-15,152.96,2025-09
1645,C0060,Nour,Hair Styling,Hair,2025-09-10,154.87,2025-09
1646,C0025,Maya,Lashes,Beauty,2025-09-06,265.53,2025-09
1647,C0297,Rania,Hair Styling,Hair,2025-09-05,208.5,2025-09
1648,C0056,Aisha,Waxing,Beauty,2025-09-17,140.96,2025-09
1649,C0089,Aisha,Hair Color,Hair,2025-09-06,498.39,2025-09
1650,C0131,Aisha,Nails,Nails,2025-09-10,135.94,2025-09
1651,C0002,Aisha,Facial,Skin Care,2025-09-18,272.21,2025-09
1652,C0061,Aisha,Hair Styling,Hair,2025-09-04,180.11,2025-09
1653,C0131,Lina,Lashes,Beauty,2025-09-18,218.8,2025-09
1654,C0293,Rania,Hair Color,Hair,2025-09-18,473.03,2025-09
1655,C0247,Sara,Nails,Nails,2025-09-11,167.96,2025-09
1656,C0080,Rania,Hair Styling,Hair,2025-09-22,215.33,2025-09
1657,C0214,Sara,Hair Styling,Hair,2025-09-09,173.21,2025-09
1658,C0094,Lina,Facial,Skin Care,2025-09-15,285.27,2025-09
1659,C0031,Lina,Hair Color,Hair,2025-09-26,388.54,2025-09
1660,C0237,Lina,Hair Styling,Hair,2025-09-09,189.3,2025-09
1661,C0080,Sara,Nails,Nails,2025-09-10,146.0,2025-09
1662,C0112,Sara,Hair Color,Hair,2025-09-11,453.17,2025-09
1663,C0227,Aisha,Nails,Nails,2025-09-17,163.93,2025-09
1664,C0115,Lina,Facial,Skin Care,2025-09-16,304.2,2025-09
1665,C0228,Lina,Hair Color,Hair,2025-09-04,363.2,2025-09
1666,C0058,Sara,Massage,Wellness,2025-09-22,354.31,2025-09
1667,C0168,Rania,Nails,Nails,2025-09-05,155.88,2025-09
1668,C0189,Lina,Hair Styling,Hair,2025-09-11,206.91,2025-09
1669,C0126,Maya,Lashes,Beauty,2025-09-11,267.91,2025-09
1670,C0195,Rania,Hair Color,Hair,2025-09-24,395.66,2025-09
1671,C0054,Rania,Nails,Nails,2025-09-09,158.41,2025-09
1672,C0242,Lina,Massage,Wellness,2025-09-18,313.92,2025-09
1673,C0254,Nour,Hair Color,Hair,2025-09-11,488.55,2025-09
1674,C0107,Lina,Hair Color,Hair,2025-09-14,443.63,2025-09
1675,C0050,Aisha,Hair Styling,Hair,2025-09-11,154.16,2025-09
1676,C0254,Nour,Lashes,Beauty,2025-09-22,262.59,2025-09
1677,C0216,Aisha,Facial,Skin Care,2025-09-03,288.29,2025-09
1678,C0045,Sara,Facial,Skin Care,2025-09-23,279.57,2025-09
1679,C0171,Sara,Nails,Nails,2025-09-20,143.5,2025-09
1680,C0232,Nour,Hair Color,Hair,2025-09-10,385.37,2025-09
1681,C0051,Nour,Hair Color,Hair,2025-09-20,453.01,2025-09
1682,C0074,Maya,Nails,Nails,2025-09-03,132.78,2025-09
1683,C0186,Lina,Lashes,Beauty,2025-09-03,237.54,2025-09
1684,C0285,Aisha,Hair Styling,Hair,2025-09-05,209.5,2025-09
1685,C0241,Rania,Hair Color,Hair,2025-09-26,375.73,2025-09
1686,C0233,Sara,Lashes,Beauty,2025-09-16,296.12,2025-09
1687,C0282,Aisha,Facial,Skin Care,2025-09-21,249.39,2025-09
1688,C0029,Sara,Nails,Nails,2025-09-11,163.04,2025-09
1689,C0147,Rania,Massage,Wellness,2025-09-22,355.88,2025-09
1690,C0142,Sara,Nails,Nails,2025-09-25,146.78,2025-09
1691,C0055,Lina,Nails,Nails,2025-09-17,147.64,2025-09
1692,C0198,Aisha,Facial,Skin Care,2025-09-05,270.75,2025-09
1693,C0138,Maya,Facial,Skin Care,2025-09-20,306.49,2025-09
1694,C0052,Maya,Facial,Skin Care,2025-09-27,238.78,2025-09
1695,C0225,Maya,Lashes,Beauty,2025-09-13,219.59,2025-09
1696,C0061,Sara,Nails,Nails,2025-09-03,177.97,2025-09
1697,C0189,Rania,Massage,Wellness,2025-09-13,345.17,2025-09
1698,C0263,Aisha,Hair Color,Hair,2025-09-21,388.27,2025-09
1699,C0132,Maya,Waxing,Beauty,2025-09-08,110.94,2025-09
1700,C0122,Maya,Massage,Wellness,2025-09-06,284.01,2025-09
1701,C0161,Aisha,Lashes,Beauty,2025-09-26,234.69,2025-09
1702,C0248,Maya,Hair Color,Hair,2025-09-13,389.98,2025-09
1703,C0042,Sara,Facial,Skin Care,2025-09-20,318.42,2025-09
1704,C0115,Maya,Lashes,Beauty,2025-09-28,281.09,2025-09
1705,C0242,Rania,Nails,Nails,2025-09-24,156.92,2025-09
1706,C0141,Maya,Lashes,Beauty,2025-09-18,275.8,2025-09
1707,C0089,Rania,Hair Color,Hair,2025-09-19,369.44,2025-09
1708,C0167,Sara,Nails,Nails,2025-09-21,171.62,2025-09
1709,C0258,Lina,Waxing,Beauty,2025-09-25,136.89,2025-09
1710,C0221,Rania,Facial,Skin Care,2025-09-10,334.94,2025-09
1711,C0084,Lina,Nails,Nails,2025-09-04,140.02,2025-09
1712,C0228,Aisha,Hair Styling,Hair,2025-09-24,189.08,2025-09
1713,C0173,Sara,Facial,Skin Care,2025-09-01,282.06,2025-09
1714,C0110,Lina,Nails,Nails,2025-09-24,170.06,2025-09
1715,C0268,Lina,Facial,Skin Care,2025-09-23,272.26,2025-09
1716,C0188,Rania,Massage,Wellness,2025-09-06,260.79,2025-09
1717,C0270,Aisha,Hair Styling,Hair,2025-09-24,212.94,2025-09
1718,C0125,Lina,Lashes,Beauty,2025-09-04,213.23,2025-09
1719,C0275,Nour,Massage,Wellness,2025-09-16,329.08,2025-09
1720,C0273,Sara,Lashes,Beauty,2025-09-27,271.65,2025-09
1721,C0125,Lina,Lashes,Beauty,2025-09-18,249.03,2025-09
1722,C0005,Lina,Facial,Skin Care,2025-09-09,281.55,2025-09
1723,C0136,Lina,Waxing,Beauty,2025-09-01,143.9,2025-09
1724,C0168,Lina,Hair Color,Hair,2025-09-23,465.02,2025-09
1725,C0111,Maya,Hair Styling,Hair,2025-09-01,189.55,2025-09
1726,C0038,Aisha,Waxing,Beauty,2025-09-16,137.6,2025-09
1727,C0160,Rania,Hair Color,Hair,2025-09-16,403.04,2025-09
1728,C0076,Aisha,Nails,Nails,2025-09-16,129.55,2025-09
1729,C0184,Nour,Massage,Wellness,2025-09-13,355.97,2025-09
1730,C0214,Maya,Hair Styling,Hair,2025-09-01,198.96,2025-09
1731,C0029,Lina,Nails,Nails,2025-09-18,135.14,2025-09
1732,C0046,Lina,Nails,Nails,2025-09-02,159.17,2025-09
1733,C0094,Maya,Waxing,Beauty,2025-09-07,139.08,2025-09
1734,C0138,Aisha,Facial,Skin Care,2025-09-22,243.52,2025-09
1735,C0128,Nour,Massage,Wellness,2025-09-23,259.86,2025-09
1736,C0100,Aisha,Hair Styling,Hair,2025-09-23,196.42,2025-09
1737,C0178,Nour,Hair Color,Hair,2025-09-24,444.0,2025-09
1738,C0059,Aisha,Waxing,Beauty,2025-09-08,125.91,2025-09
1739,C0095,Nour,Lashes,Beauty,2025-09-13,275.18,2025-09
1740,C0216,Nour,Hair Styling,Hair,2025-09-23,206.55,2025-09
1741,C0089,Lina,Hair Color,Hair,2025-09-06,403.54,2025-09
1742,C0293,Nour,Facial,Skin Care,2025-09-16,305.89,2025-09
1743,C0200,Lina,Lashes,Beauty,2025-09-14,261.62,2025-09
1744,C0157,Nour,Massage,Wellness,2025-09-10,308.82,2025-09
1745,C0067,Sara,Hair Styling,Hair,2025-09-03,156.37,2025-09
1746,C0296,Aisha,Facial,Skin Care,2025-09-07,285.28,2025-09
1747,C0259,Sara,Facial,Skin Care,2025-09-19,310.36,2025-09
1748,C0115,Nour,Facial,Skin Care,2025-09-11,250.43,2025-09
1749,C0077,Aisha,Lashes,Beauty,2025-09-20,242.6,2025-09
1750,C0270,Sara,Hair Styling,Hair,2025-09-23,155.11,2025-09
1751,C0211,Aisha,Lashes,Beauty,2025-09-22,242.27,2025-09
1752,C0112,Nour,Hair Styling,Hair,2025-09-28,176.11,2025-09
1753,C0189,Nour,Hair Styling,Hair,2025-09-02,196.8,2025-09
1754,C0296,Rania,Hair Styling,Hair,2025-09-01,178.67,2025-09
1755,C0048,Lina,Facial,Skin Care,2025-09-06,328.98,2025-09
1756,C0264,Rania,Lashes,Beauty,2025-09-28,252.99,2025-09
1757,C0095,Rania,Hair Styling,Hair,2025-09-26,153.05,2025-09
1758,C0028,Rania,Facial,Skin Care,2025-09-19,288.61,2025-09
1759,C0223,Lina,Hair Styling,Hair,2025-09-24,195.47,2025-09
1760,C0189,Maya,Nails,Nails,2025-09-25,158.97,2025-09
1761,C0137,Sara,Massage,Wellness,2025-09-12,268.51,2025-09
1762,C0170,Nour,Hair Styling,Hair,2025-09-01,179.8,2025-09
1763,C0070,Maya,Lashes,Beauty,2025-09-18,296.62,2025-09
1764,C0269,Lina,Hair Color,Hair,2025-09-08,447.24,2025-09
1765,C0288,Rania,Lashes,Beauty,2025-09-17,270.2,2025-09
1766,C0087,Rania,Nails,Nails,2025-09-15,132.9,2025-09
1767,C0005,Maya,Nails,Nails,2025-09-16,172.54,2025-09
1768,C0071,Rania,Hair Color,Hair,2025-09-05,467.18,2025-09
1769,C0198,Sara,Waxing,Beauty,2025-09-02,123.77,2025-09
1770,C0007,Rania,Waxing,Beauty,2025-09-08,102.55,2025-09
1771,C0253,Nour,Nails,Nails,2025-09-13,172.25,2025-09
1772,C0033,Sara,Facial,Skin Care,2025-09-28,291.8,2025-09
1773,C0227,Sara,Facial,Skin Care,2025-09-09,329.53,2025-09
1774,C0254,Aisha,Massage,Wellness,2025-09-12,272.28,2025-09
1775,C0234,Nour,Hair Styling,Hair,2025-09-09,160.75,2025-09
1776,C0286,Maya,Hair Color,Hair,2025-09-28,413.04,2025-09
1777,C0231,Aisha,Hair Color,Hair,2025-09-25,360.07,2025-09
1778,C0056,Nour,Facial,Skin Care,2025-09-25,285.16,2025-09
1779,C0235,Lina,Facial,Skin Care,2025-09-07,299.19,2025-09
1780,C0167,Maya,Facial,Skin Care,2025-09-02,331.42,2025-09
1781,C0035,Lina,Facial,Skin Care,2025-09-12,321.76,2025-09
1782,C0160,Sara,Hair Color,Hair,2025-09-25,439.42,2025-09
1783,C0191,Aisha,Nails,Nails,2025-09-06,138.33,2025-09
1784,C0206,Aisha,Hair Color,Hair,2025-09-17,490.16,2025-09
1785,C0043,Maya,Facial,Skin Care,2025-09-03,281.07,2025-09
1786,C0144,Maya,Lashes,Beauty,2025-09-19,286.21,2025-09
1787,C0233,Sara,Hair Styling,Hair,2025-09-10,153.86,2025-09
1788,C0234,Nour,Hair Color,Hair,2025-09-02,429.86,2025-09
1789,C0223,Maya,Lashes,Beauty,2025-09-23,289.67,2025-09
1790,C0220,Sara,Hair Styling,Hair,2025-09-06,192.52,2025-09
1791,C0135,Maya,Hair Color,Hair,2025-09-09,407.84,2025-09
1792,C0296,Lina,Waxing,Beauty,2025-09-09,103.34,2025-09
1793,C0004,Aisha,Facial,Skin Care,2025-09-18,323.38,2025-09
1794,C0017,Sara,Hair Styling,Hair,2025-09-11,156.41,2025-09
1795,C0207,Lina,Facial,Skin Care,2025-09-03,286.43,2025-09
1796,C0241,Aisha,Massage,Wellness,2025-09-16,305.59,2025-09
1797,C0035,Sara,Hair Color,Hair,2025-09-13,368.05,2025-09
1798,C0021,Sara,Waxing,Beauty,2025-09-12,143.27,2025-09
1799,C0055,Nour,Nails,Nails,2025-09-19,144.54,2025-09
1800,C0215,Sara,Nails,Nails,2025-09-24,129.84,2025-09
1801,C0139,Lina,Nails,Nails,2025-09-06,173.73,2025-09
1802,C0096,Aisha,Nails,Nails,2025-09-17,163.19,2025-09
1803,C0244,Rania,Lashes,Beauty,2025-09-11,223.11,2025-09
1804,C0051,Aisha,Facial,Skin Care,2025-09-22,307.78,2025-09
1805,C0245,Aisha,Hair Color,Hair,2025-09-27,482.44,2025-09
1806,C0109,Sara,Hair Styling,Hair,2025-09-23,198.88,2025-09
1807,C0019,Nour,Hair Color,Hair,2025-09-23,395.59,2025-09
1808,C0280,Maya,Facial,Skin Care,2025-09-16,273.22,2025-09
1809,C0236,Nour,Facial,Skin Care,2025-09-17,258.53,2025-09
1810,C0157,Maya,Facial,Skin Care,2025-09-23,309.43,2025-09
1811,C0038,Lina,Massage,Wellness,2025-09-15,261.64,2025-09
1812,C0171,Maya,Waxing,Beauty,2025-09-28,140.38,2025-09
1813,C0244,Sara,Lashes,Beauty,2025-09-24,263.82,2025-09
1814,C0158,Nour,Waxing,Beauty,2025-09-23,107.4,2025-09
1815,C0222,Lina,Nails,Nails,2025-09-27,174.49,2025-09
1816,C0299,Nour,Hair Color,Hair,2025-09-26,359.78,2025-09
1817,C0077,Rania,Nails,Nails,2025-09-09,149.07,2025-09
1818,C0008,Sara,Hair Color,Hair,2025-09-27,388.02,2025-09
1819,C0061,Rania,Nails,Nails,2025-09-03,144.46,2025-09
1820,C0149,Sara,Facial,Skin Care,2025-09-22,251.42,2025-09
1821,C0196,Aisha,Facial,Skin Care,2025-09-02,292.87,2025-09
1822,C0139,Nour,Lashes,Beauty,2025-09-18,276.85,2025-09
1823,C0276,Nour,Massage,Wellness,2025-09-23,265.71,2025-09
1824,C0078,Sara,Hair Styling,Hair,2025-09-02,195.46,2025-09
1825,C0128,Maya,Waxing,Beauty,2025-09-12,118.75,2025-09
1826,C0021,Maya,Waxing,Beauty,2025-09-12,113.42,2025-09
1827,C0029,Aisha,Nails,Nails,2025-09-20,171.69,2025-09
1828,C0061,Nour,Hair Color,Hair,2025-09-05,416.69,2025-09
1829,C0243,Maya,Nails,Nails,2025-09-12,169.82,2025-09
1830,C0082,Rania,Lashes,Beauty,2025-09-21,289.01,2025-09
1831,C0192,Maya,Hair Color,Hair,2025-09-17,500.04,2025-09
1832,C0033,Rania,Hair Styling,Hair,2025-09-28,197.42,2025-09
1833,C0076,Lina,Waxing,Beauty,2025-09-01,113.4,2025-09
1834,C0092,Aisha,Hair Styling,Hair,2025-10-12,213.5,2025-10
1835,C0086,Sara,Nails,Nails,2025-10-05,137.12,2025-10
1836,C0126,Lina,Waxing,Beauty,2025-10-04,107.15,2025-10
1837,C0263,Aisha,Massage,Wellness,2025-10-02,271.08,2025-10
1838,C0075,Maya,Waxing,Beauty,2025-10-23,110.79,2025-10
1839,C0041,Rania,Lashes,Beauty,2025-10-23,218.55,2025-10
1840,C0271,Maya,Facial,Skin Care,2025-10-10,309.58,2025-10
1841,C0265,Maya,Nails,Nails,2025-10-17,143.97,2025-10
1842,C0097,Rania,Hair Styling,Hair,2025-10-16,196.03,2025-10
1843,C0077,Sara,Hair Styling,Hair,2025-10-22,208.71,2025-10
1844,C0259,Sara,Facial,Skin Care,2025-10-11,333.66,2025-10
1845,C0235,Maya,Nails,Nails,2025-10-01,166.78,2025-10
1846,C0235,Sara,Massage,Wellness,2025-10-08,295.83,2025-10
1847,C0228,Maya,Massage,Wellness,2025-10-25,356.04,2025-10
1848,C0016,Rania,Facial,Skin Care,2025-10-26,305.11,2025-10
1849,C0019,Maya,Massage,Wellness,2025-10-22,324.65,2025-10
1850,C0112,Maya,Lashes,Beauty,2025-10-16,233.69,2025-10
1851,C0105,Sara,Massage,Wellness,2025-10-07,326.31,2025-10
1852,C0123,Maya,Hair Color,Hair,2025-10-13,357.04,2025-10
1853,C0204,Maya,Waxing,Beauty,2025-10-02,103.36,2025-10
1854,C0133,Lina,Facial,Skin Care,2025-10-20,284.58,2025-10
1855,C0138,Maya,Nails,Nails,2025-10-22,178.1,2025-10
1856,C0134,Rania,Nails,Nails,2025-10-10,148.65,2025-10
1857,C0187,Aisha,Massage,Wellness,2025-10-27,257.33,2025-10
1858,C0123,Lina,Hair Color,Hair,2025-10-04,455.81,2025-10
1859,C0070,Lina,Hair Color,Hair,2025-10-04,461.67,2025-10
1860,C0226,Aisha,Lashes,Beauty,2025-10-19,262.55,2025-10
1861,C0222,Rania,Nails,Nails,2025-10-15,152.75,2025-10
1862,C0068,Sara,Hair Styling,Hair,2025-10-03,196.19,2025-10
1863,C0119,Sara,Waxing,Beauty,2025-10-23,122.43,2025-10
1864,C0051,Lina,Massage,Wellness,2025-10-01,358.15,2025-10
1865,C0192,Aisha,Hair Styling,Hair,2025-10-23,158.97,2025-10
1866,C0268,Aisha,Hair Styling,Hair,2025-10-10,167.1,2025-10
1867,C0010,Sara,Nails,Nails,2025-10-26,138.25,2025-10
1868,C0218,Aisha,Hair Styling,Hair,2025-10-18,196.8,2025-10
1869,C0216,Lina,Nails,Nails,2025-10-13,167.28,2025-10
1870,C0018,Nour,Lashes,Beauty,2025-10-01,212.75,2025-10
1871,C0001,Aisha,Nails,Nails,2025-10-14,162.36,2025-10
1872,C0263,Nour,Hair Color,Hair,2025-10-20,380.18,2025-10
1873,C0212,Maya,Waxing,Beauty,2025-10-16,132.73,2025-10
1874,C0298,Nour,Facial,Skin Care,2025-10-12,268.71,2025-10
1875,C0035,Aisha,Waxing,Beauty,2025-10-07,110.09,2025-10
1876,C0251,Rania,Hair Styling,Hair,2025-10-27,189.64,2025-10
1877,C0149,Aisha,Nails,Nails,2025-10-24,127.74,2025-10
1878,C0059,Rania,Hair Color,Hair,2025-10-21,373.32,2025-10
1879,C0227,Aisha,Lashes,Beauty,2025-10-18,267.55,2025-10
1880,C0054,Nour,Hair Color,Hair,2025-10-02,454.08,2025-10
1881,C0291,Sara,Nails,Nails,2025-10-03,162.56,2025-10
1882,C0244,Sara,Lashes,Beauty,2025-10-18,282.76,2025-10
1883,C0273,Aisha,Nails,Nails,2025-10-08,172.64,2025-10
1884,C0058,Sara,Hair Color,Hair,2025-10-27,387.9,2025-10
1885,C0167,Sara,Hair Styling,Hair,2025-10-10,204.46,2025-10
1886,C0182,Maya,Nails,Nails,2025-10-07,159.6,2025-10
1887,C0093,Aisha,Hair Styling,Hair,2025-10-10,157.39,2025-10
1888,C0095,Aisha,Facial,Skin Care,2025-10-24,254.03,2025-10
1889,C0265,Lina,Nails,Nails,2025-10-13,128.89,2025-10
1890,C0125,Sara,Hair Color,Hair,2025-10-11,443.41,2025-10
1891,C0255,Nour,Massage,Wellness,2025-10-12,325.59,2025-10
1892,C0088,Nour,Massage,Wellness,2025-10-28,327.79,2025-10
1893,C0168,Rania,Nails,Nails,2025-10-26,171.41,2025-10
1894,C0106,Aisha,Hair Styling,Hair,2025-10-07,205.2,2025-10
1895,C0257,Sara,Nails,Nails,2025-10-05,140.11,2025-10
1896,C0115,Lina,Lashes,Beauty,2025-10-16,299.4,2025-10
1897,C0141,Maya,Facial,Skin Care,2025-10-26,334.62,2025-10
1898,C0089,Lina,Facial,Skin Care,2025-10-23,276.78,2025-10
1899,C0280,Aisha,Hair Styling,Hair,2025-10-20,156.73,2025-10
1900,C0152,Sara,Nails,Nails,2025-10-19,130.91,2025-10
1901,C0062,Rania,Facial,Skin Care,2025-10-15,326.55,2025-10
1902,C0170,Maya,Facial,Skin Care,2025-10-13,316.7,2025-10
1903,C0017,Maya,Nails,Nails,2025-10-24,142.44,2025-10
1904,C0173,Lina,Facial,Skin Care,2025-10-16,294.43,2025-10
1905,C0031,Rania,Hair Styling,Hair,2025-10-01,153.78,2025-10
1906,C0272,Lina,Hair Styling,Hair,2025-10-12,182.48,2025-10
1907,C0268,Rania,Waxing,Beauty,2025-10-17,122.57,2025-10
1908,C0059,Aisha,Hair Color,Hair,2025-10-06,488.15,2025-10
1909,C0080,Rania,Massage,Wellness,2025-10-16,343.55,2025-10
1910,C0166,Aisha,Facial,Skin Care,2025-10-28,306.98,2025-10
1911,C0065,Nour,Lashes,Beauty,2025-10-22,266.61,2025-10
1912,C0099,Maya,Nails,Nails,2025-10-15,148.34,2025-10
1913,C0227,Lina,Nails,Nails,2025-10-27,136.46,2025-10
1914,C0140,Aisha,Nails,Nails,2025-10-19,136.46,2025-10
1915,C0092,Nour,Hair Color,Hair,2025-10-12,429.25,2025-10
1916,C0280,Lina,Facial,Skin Care,2025-10-07,246.84,2025-10
1917,C0251,Sara,Lashes,Beauty,2025-10-16,227.87,2025-10
1918,C0191,Nour,Facial,Skin Care,2025-10-24,282.09,2025-10
1919,C0014,Nour,Nails,Nails,2025-10-13,176.41,2025-10
1920,C0018,Sara,Hair Color,Hair,2025-10-21,357.55,2025-10
1921,C0300,Lina,Nails,Nails,2025-10-19,151.05,2025-10
1922,C0252,Lina,Nails,Nails,2025-10-20,134.51,2025-10
1923,C0142,Sara,Lashes,Beauty,2025-10-05,225.61,2025-10
1924,C0186,Sara,Hair Color,Hair,2025-10-27,358.69,2025-10
1925,C0160,Aisha,Hair Color,Hair,2025-10-13,459.6,2025-10
1926,C0008,Aisha,Hair Styling,Hair,2025-10-21,197.9,2025-10
1927,C0228,Lina,Waxing,Beauty,2025-10-14,142.38,2025-10
1928,C0245,Nour,Lashes,Beauty,2025-10-27,218.78,2025-10
1929,C0225,Rania,Facial,Skin Care,2025-10-12,278.79,2025-10
1930,C0080,Maya,Massage,Wellness,2025-10-01,287.52,2025-10
1931,C0055,Nour,Lashes,Beauty,2025-10-19,222.56,2025-10
1932,C0088,Aisha,Massage,Wellness,2025-10-25,269.87,2025-10
1933,C0223,Aisha,Hair Color,Hair,2025-10-13,466.21,2025-10
1934,C0231,Lina,Facial,Skin Care,2025-10-21,300.6,2025-10
1935,C0300,Maya,Facial,Skin Care,2025-10-23,332.48,2025-10
1936,C0093,Rania,Hair Styling,Hair,2025-10-08,156.3,2025-10
1937,C0029,Rania,Hair Styling,Hair,2025-10-21,193.96,2025-10
1938,C0015,Sara,Nails,Nails,2025-10-24,133.3,2025-10
1939,C0200,Nour,Lashes,Beauty,2025-10-07,279.5,2025-10
1940,C0061,Aisha,Hair Styling,Hair,2025-10-04,211.86,2025-10
1941,C0257,Sara,Nails,Nails,2025-10-27,176.78,2025-10
1942,C0259,Sara,Hair Color,Hair,2025-10-01,419.7,2025-10
1943,C0246,Nour,Facial,Skin Care,2025-10-16,297.65,2025-10
1944,C0060,Rania,Lashes,Beauty,2025-10-17,281.36,2025-10
1945,C0178,Lina,Massage,Wellness,2025-10-19,351.91,2025-10
1946,C0236,Nour,Lashes,Beauty,2025-10-05,272.7,2025-10
1947,C0015,Nour,Massage,Wellness,2025-10-20,351.95,2025-10
1948,C0037,Rania,Hair Styling,Hair,2025-10-23,183.82,2025-10
1949,C0004,Nour,Hair Styling,Hair,2025-10-08,183.72,2025-10
1950,C0143,Nour,Lashes,Beauty,2025-10-07,268.08,2025-10
1951,C0185,Maya,Nails,Nails,2025-10-05,148.85,2025-10
1952,C0053,Sara,Hair Color,Hair,2025-10-04,377.03,2025-10
1953,C0197,Rania,Lashes,Beauty,2025-10-20,270.4,2025-10
1954,C0292,Rania,Waxing,Beauty,2025-10-07,129.68,2025-10
1955,C0221,Sara,Waxing,Beauty,2025-10-23,135.71,2025-10
1956,C0049,Nour,Massage,Wellness,2025-10-11,355.76,2025-10
1957,C0015,Maya,Hair Styling,Hair,2025-10-16,215.55,2025-10
1958,C0052,Aisha,Facial,Skin Care,2025-10-09,313.66,2025-10
1959,C0043,Nour,Facial,Skin Care,2025-10-11,324.42,2025-10
1960,C0255,Aisha,Massage,Wellness,2025-10-11,349.49,2025-10
1961,C0255,Maya,Massage,Wellness,2025-10-04,301.62,2025-10
1962,C0299,Nour,Hair Color,Hair,2025-10-06,503.9,2025-10
1963,C0156,Maya,Hair Styling,Hair,2025-10-20,174.7,2025-10
1964,C0256,Aisha,Hair Styling,Hair,2025-10-04,172.7,2025-10
1965,C0105,Aisha,Waxing,Beauty,2025-10-02,107.79,2025-10
1966,C0259,Rania,Nails,Nails,2025-10-19,162.71,2025-10
1967,C0251,Lina,Nails,Nails,2025-10-27,175.13,2025-10
1968,C0065,Lina,Nails,Nails,2025-10-22,145.76,2025-10
1969,C0279,Rania,Hair Styling,Hair,2025-10-26,184.32,2025-10
1970,C0105,Aisha,Hair Styling,Hair,2025-10-22,181.45,2025-10
1971,C0129,Maya,Hair Styling,Hair,2025-10-23,176.29,2025-10
1972,C0140,Maya,Hair Styling,Hair,2025-10-08,167.68,2025-10
1973,C0253,Aisha,Hair Styling,Hair,2025-10-21,153.94,2025-10
1974,C0146,Sara,Waxing,Beauty,2025-10-03,126.46,2025-10
1975,C0231,Lina,Waxing,Beauty,2025-10-25,135.59,2025-10
1976,C0166,Nour,Nails,Nails,2025-10-01,140.1,2025-10
1977,C0143,Lina,Hair Color,Hair,2025-10-03,475.92,2025-10
1978,C0224,Nour,Facial,Skin Care,2025-10-13,319.06,2025-10
1979,C0098,Nour,Facial,Skin Care,2025-10-17,292.24,2025-10
1980,C0140,Nour,Massage,Wellness,2025-10-26,316.8,2025-10
1981,C0044,Rania,Hair Color,Hair,2025-10-12,417.68,2025-10
1982,C0144,Maya,Hair Styling,Hair,2025-10-04,180.77,2025-10
1983,C0275,Lina,Waxing,Beauty,2025-10-06,120.22,2025-10
1984,C0010,Lina,Waxing,Beauty,2025-10-14,141.11,2025-10
1985,C0210,Rania,Lashes,Beauty,2025-10-23,228.03,2025-10
1986,C0004,Maya,Hair Styling,Hair,2025-10-15,166.93,2025-10
1987,C0019,Sara,Hair Styling,Hair,2025-10-10,163.73,2025-10
1988,C0020,Nour,Hair Styling,Hair,2025-10-23,178.13,2025-10
1989,C0028,Lina,Waxing,Beauty,2025-10-15,109.4,2025-10
1990,C0039,Maya,Hair Color,Hair,2025-10-05,369.78,2025-10
1991,C0130,Lina,Nails,Nails,2025-10-01,128.79,2025-10
1992,C0067,Sara,Hair Color,Hair,2025-10-26,357.87,2025-10
1993,C0233,Maya,Massage,Wellness,2025-10-17,298.65,2025-10
1994,C0214,Sara,Facial,Skin Care,2025-10-01,314.87,2025-10
1995,C0086,Rania,Nails,Nails,2025-10-15,166.56,2025-10
1996,C0060,Maya,Hair Color,Hair,2025-10-12,450.74,2025-10
1997,C0033,Sara,Lashes,Beauty,2025-10-10,249.83,2025-10
1998,C0292,Aisha,Lashes,Beauty,2025-10-25,289.79,2025-10
1999,C0225,Rania,Lashes,Beauty,2025-10-12,273.82,2025-10
2000,C0244,Maya,Waxing,Beauty,2025-10-25,132.43,2025-10
2001,C0074,Sara,Hair Color,Hair,2025-10-08,382.89,2025-10
2002,C0130,Aisha,Nails,Nails,2025-10-28,179.06,2025-10
2003,C0291,Rania,Hair Styling,Hair,2025-10-15,179.85,2025-10
2004,C0067,Aisha,Nails,Nails,2025-10-19,130.33,2025-10
2005,C0284,Lina,Hair Styling,Hair,2025-10-05,191.41,2025-10
2006,C0120,Aisha,Nails,Nails,2025-10-06,138.7,2025-10
2007,C0158,Sara,Nails,Nails,2025-10-21,166.17,2025-10
2008,C0150,Nour,Hair Color,Hair,2025-10-11,393.59,2025-10
2009,C0047,Nour,Lashes,Beauty,2025-10-14,223.63,2025-10
2010,C0012,Rania,Waxing,Beauty,2025-10-22,122.6,2025-10
2011,C0174,Rania,Hair Styling,Hair,2025-10-09,214.34,2025-10
2012,C0116,Maya,Hair Color,Hair,2025-10-20,378.03,2025-10
2013,C0279,Nour,Hair Styling,Hair,2025-10-15,180.46,2025-10
2014,C0186,Nour,Hair Styling,Hair,2025-10-03,164.65,2025-10
2015,C0224,Sara,Massage,Wellness,2025-10-26,308.47,2025-10
2016,C0111,Maya,Hair Color,Hair,2025-10-20,360.4,2025-10
2017,C0232,Rania,Hair Styling,Hair,2025-10-19,183.03,2025-10
2018,C0088,Sara,Nails,Nails,2025-10-14,179.58,2025-10
2019,C0034,Sara,Nails,Nails,2025-10-08,167.81,2025-10
2020,C0155,Rania,Lashes,Beauty,2025-10-07,265.47,2025-10
2021,C0276,Nour,Hair Color,Hair,2025-10-12,453.23,2025-10
2022,C0024,Rania,Lashes,Beauty,2025-10-16,239.98,2025-10
2023,C0054,Rania,Hair Color,Hair,2025-10-23,499.3,2025-10
2024,C0198,Aisha,Hair Color,Hair,2025-10-13,452.59,2025-10
2025,C0027,Rania,Facial,Skin Care,2025-10-24,244.03,2025-10
2026,C0104,Rania,Nails,Nails,2025-10-07,177.04,2025-10
2027,C0125,Aisha,Lashes,Beauty,2025-10-13,243.33,2025-10
2028,C0019,Maya,Hair Styling,Hair,2025-10-05,160.95,2025-10
2029,C0266,Nour,Facial,Skin Care,2025-10-21,281.02,2025-10
2030,C0265,Sara,Nails,Nails,2025-10-17,153.57,2025-10
2031,C0019,Sara,Nails,Nails,2025-10-05,179.71,2025-10
2032,C0250,Maya,Hair Styling,Hair,2025-10-27,181.62,2025-10
2033,C0014,Nour,Waxing,Beauty,2025-10-14,127.86,2025-10
2034,C0175,Maya,Nails,Nails,2025-10-23,157.19,2025-10
2035,C0203,Lina,Hair Styling,Hair,2025-10-27,211.25,2025-10
2036,C0113,Nour,Lashes,Beauty,2025-10-13,292.56,2025-10
2037,C0016,Sara,Nails,Nails,2025-10-15,129.29,2025-10
2038,C0217,Sara,Lashes,Beauty,2025-10-12,275.93,2025-10
2039,C0095,Sara,Hair Styling,Hair,2025-10-02,170.17,2025-10
2040,C0200,Rania,Hair Styling,Hair,2025-10-09,161.82,2025-10
2041,C0141,Rania,Massage,Wellness,2025-10-12,310.36,2025-10
2042,C0048,Lina,Lashes,Beauty,2025-10-19,278.6,2025-10
2043,C0041,Rania,Waxing,Beauty,2025-10-12,130.87,2025-10
2044,C0270,Rania,Massage,Wellness,2025-10-08,331.89,2025-10
2045,C0217,Nour,Hair Color,Hair,2025-10-17,369.32,2025-10
2046,C0240,Aisha,Waxing,Beauty,2025-10-19,120.64,2025-10
2047,C0166,Lina,Hair Styling,Hair,2025-10-16,191.76,2025-10
2048,C0279,Rania,Facial,Skin Care,2025-10-06,296.17,2025-10
2049,C0103,Maya,Massage,Wellness,2025-10-04,296.34,2025-10
2050,C0254,Sara,Hair Styling,Hair,2025-10-18,165.98,2025-10
2051,C0225,Maya,Hair Styling,Hair,2025-10-08,209.29,2025-10
2052,C0022,Nour,Lashes,Beauty,2025-10-25,296.88,2025-10
2053,C0028,Maya,Waxing,Beauty,2025-10-13,134.82,2025-10
2054,C0280,Maya,Facial,Skin Care,2025-10-23,264.91,2025-10
2055,C0226,Maya,Facial,Skin Care,2025-10-04,271.24,2025-10
2056,C0252,Lina,Facial,Skin Care,2025-10-10,259.0,2025-10
2057,C0089,Nour,Nails,Nails,2025-10-25,128.11,2025-10
2058,C0166,Rania,Waxing,Beauty,2025-10-16,124.33,2025-10
2059,C0020,Aisha,Hair Styling,Hair,2025-10-15,160.34,2025-10
2060,C0077,Sara,Facial,Skin Care,2025-10-22,270.22,2025-10
2061,C0074,Lina,Lashes,Beauty,2025-11-16,269.26,2025-11
2062,C0172,Maya,Facial,Skin Care,2025-11-14,274.6,2025-11
2063,C0064,Nour,Nails,Nails,2025-11-19,151.58,2025-11
2064,C0109,Aisha,Facial,Skin Care,2025-11-12,299.24,2025-11
2065,C0079,Sara,Nails,Nails,2025-11-05,157.05,2025-11
2066,C0070,Aisha,Lashes,Beauty,2025-11-02,250.65,2025-11
2067,C0069,Aisha,Facial,Skin Care,2025-11-09,277.43,2025-11
2068,C0083,Aisha,Hair Color,Hair,2025-11-25,410.94,2025-11
2069,C0187,Rania,Massage,Wellness,2025-11-06,264.46,2025-11
2070,C0138,Lina,Waxing,Beauty,2025-11-23,103.63,2025-11
2071,C0084,Lina,Lashes,Beauty,2025-11-04,222.38,2025-11
2072,C0248,Rania,Nails,Nails,2025-11-04,147.55,2025-11
2073,C0178,Sara,Nails,Nails,2025-11-07,134.07,2025-11
2074,C0020,Maya,Lashes,Beauty,2025-11-09,244.34,2025-11
2075,C0150,Nour,Lashes,Beauty,2025-11-17,221.9,2025-11
2076,C0149,Rania,Facial,Skin Care,2025-11-08,334.5,2025-11
2077,C0026,Nour,Nails,Nails,2025-11-09,149.4,2025-11
2078,C0264,Maya,Facial,Skin Care,2025-11-02,331.41,2025-11
2079,C0168,Aisha,Hair Color,Hair,2025-11-22,373.4,2025-11
2080,C0062,Rania,Nails,Nails,2025-11-23,176.94,2025-11
2081,C0192,Sara,Hair Color,Hair,2025-11-21,492.61,2025-11
2082,C0194,Rania,Lashes,Beauty,2025-11-06,228.08,2025-11
2083,C0290,Aisha,Nails,Nails,2025-11-09,129.1,2025-11
2084,C0152,Maya,Lashes,Beauty,2025-11-22,249.5,2025-11
2085,C0141,Rania,Lashes,Beauty,2025-11-01,279.29,2025-11
2086,C0118,Nour,Nails,Nails,2025-11-01,144.87,2025-11
2087,C0128,Sara,Waxing,Beauty,2025-11-24,103.74,2025-11
2088,C0111,Nour,Hair Styling,Hair,2025-11-24,183.74,2025-11
2089,C0150,Sara,Waxing,Beauty,2025-11-27,114.14,2025-11
2090,C0167,Maya,Lashes,Beauty,2025-11-03,258.24,2025-11
2091,C0065,Rania,Hair Color,Hair,2025-11-24,408.59,2025-11
2092,C0093,Sara,Hair Color,Hair,2025-11-23,462.46,2025-11
2093,C0062,Sara,Facial,Skin Care,2025-11-01,283.18,2025-11
2094,C0258,Nour,Massage,Wellness,2025-11-12,353.47,2025-11
2095,C0160,Aisha,Nails,Nails,2025-11-13,162.02,2025-11
2096,C0248,Sara,Waxing,Beauty,2025-11-16,132.21,2025-11
2097,C0138,Rania,Hair Color,Hair,2025-11-28,435.66,2025-11
2098,C0242,Nour,Facial,Skin Care,2025-11-23,316.0,2025-11
2099,C0250,Maya,Nails,Nails,2025-11-10,176.78,2025-11
2100,C0102,Lina,Massage,Wellness,2025-11-24,308.7,2025-11
2101,C0125,Maya,Nails,Nails,2025-11-05,154.18,2025-11
2102,C0162,Maya,Facial,Skin Care,2025-11-12,291.26,2025-11
2103,C0125,Maya,Waxing,Beauty,2025-11-12,128.92,2025-11
2104,C0293,Maya,Hair Color,Hair,2025-11-28,403.78,2025-11
2105,C0206,Aisha,Massage,Wellness,2025-11-19,321.98,2025-11
2106,C0107,Aisha,Massage,Wellness,2025-11-17,341.15,2025-11
2107,C0024,Sara,Hair Styling,Hair,2025-11-14,169.75,2025-11
2108,C0003,Nour,Lashes,Beauty,2025-11-20,266.91,2025-11
2109,C0003,Aisha,Hair Color,Hair,2025-11-08,474.3,2025-11
2110,C0209,Maya,Hair Color,Hair,2025-11-26,381.59,2025-11
2111,C0069,Aisha,Nails,Nails,2025-11-13,179.57,2025-11
2112,C0260,Sara,Massage,Wellness,2025-11-15,340.49,2025-11
2113,C0126,Rania,Facial,Skin Care,2025-11-25,320.63,2025-11
2114,C0176,Lina,Hair Styling,Hair,2025-11-20,199.54,2025-11
2115,C0292,Rania,Nails,Nails,2025-11-15,149.19,2025-11
2116,C0110,Maya,Waxing,Beauty,2025-11-17,123.51,2025-11
2117,C0010,Aisha,Lashes,Beauty,2025-11-03,293.6,2025-11
2118,C0288,Lina,Lashes,Beauty,2025-11-19,212.83,2025-11
2119,C0168,Rania,Hair Color,Hair,2025-11-19,435.92,2025-11
2120,C0196,Aisha,Hair Styling,Hair,2025-11-03,158.86,2025-11
2121,C0147,Lina,Hair Color,Hair,2025-11-11,477.94,2025-11
2122,C0219,Aisha,Nails,Nails,2025-11-12,174.24,2025-11
2123,C0156,Lina,Hair Styling,Hair,2025-11-20,159.21,2025-11
2124,C0276,Lina,Lashes,Beauty,2025-11-06,244.63,2025-11
2125,C0240,Maya,Hair Color,Hair,2025-11-12,375.59,2025-11
2126,C0146,Sara,Lashes,Beauty,2025-11-22,273.63,2025-11
2127,C0232,Sara,Hair Color,Hair,2025-11-14,396.48,2025-11
2128,C0030,Lina,Facial,Skin Care,2025-11-28,262.36,2025-11
2129,C0217,Rania,Lashes,Beauty,2025-11-27,243.73,2025-11
2130,C0259,Maya,Hair Color,Hair,2025-11-27,470.52,2025-11
2131,C0011,Nour,Facial,Skin Care,2025-11-19,317.45,2025-11
2132,C0072,Nour,Massage,Wellness,2025-11-18,288.41,2025-11
2133,C0056,Aisha,Lashes,Beauty,2025-11-14,232.18,2025-11
2134,C0111,Sara,Massage,Wellness,2025-11-17,322.69,2025-11
2135,C0240,Rania,Hair Styling,Hair,2025-11-06,179.33,2025-11
2136,C0004,Sara,Hair Styling,Hair,2025-11-04,206.32,2025-11
2137,C0237,Nour,Nails,Nails,2025-11-18,160.39,2025-11
2138,C0069,Nour,Facial,Skin Care,2025-11-21,290.76,2025-11
2139,C0036,Aisha,Hair Styling,Hair,2025-11-12,187.09,2025-11
2140,C0248,Nour,Nails,Nails,2025-11-08,171.94,2025-11
2141,C0278,Aisha,Hair Styling,Hair,2025-11-02,201.23,2025-11
2142,C0294,Lina,Nails,Nails,2025-11-05,141.61,2025-11
2143,C0181,Lina,Facial,Skin Care,2025-11-24,326.61,2025-11
2144,C0027,Sara,Waxing,Beauty,2025-11-27,117.54,2025-11
2145,C0005,Maya,Hair Color,Hair,2025-11-02,487.05,2025-11
2146,C0070,Lina,Nails,Nails,2025-11-16,131.4,2025-11
2147,C0207,Aisha,Hair Color,Hair,2025-11-08,406.64,2025-11
2148,C0229,Nour,Nails,Nails,2025-11-25,165.12,2025-11
2149,C0070,Rania,Lashes,Beauty,2025-11-06,227.74,2025-11
2150,C0089,Aisha,Hair Color,Hair,2025-11-27,459.0,2025-11
2151,C0100,Aisha,Lashes,Beauty,2025-11-11,217.6,2025-11
2152,C0218,Aisha,Hair Color,Hair,2025-11-19,415.25,2025-11
2153,C0187,Sara,Hair Color,Hair,2025-11-09,460.69,2025-11
2154,C0211,Aisha,Hair Styling,Hair,2025-11-10,199.31,2025-11
2155,C0060,Lina,Nails,Nails,2025-11-28,137.68,2025-11
2156,C0106,Sara,Waxing,Beauty,2025-11-21,135.98,2025-11
2157,C0104,Nour,Lashes,Beauty,2025-11-15,229.28,2025-11
2158,C0043,Lina,Lashes,Beauty,2025-11-12,255.64,2025-11
2159,C0049,Lina,Nails,Nails,2025-11-04,173.51,2025-11
2160,C0199,Maya,Hair Color,Hair,2025-11-01,441.98,2025-11
2161,C0067,Nour,Hair Styling,Hair,2025-11-16,208.38,2025-11
2162,C0254,Nour,Nails,Nails,2025-11-21,156.33,2025-11
2163,C0214,Aisha,Lashes,Beauty,2025-11-24,220.75,2025-11
2164,C0088,Lina,Lashes,Beauty,2025-11-04,259.72,2025-11
2165,C0191,Aisha,Lashes,Beauty,2025-11-28,238.23,2025-11
2166,C0230,Sara,Hair Color,Hair,2025-11-17,358.85,2025-11
2167,C0049,Maya,Hair Styling,Hair,2025-11-17,195.27,2025-11
2168,C0003,Maya,Hair Color,Hair,2025-11-13,488.8,2025-11
2169,C0133,Maya,Hair Color,Hair,2025-11-13,434.56,2025-11
2170,C0059,Nour,Facial,Skin Care,2025-11-25,277.36,2025-11
2171,C0210,Sara,Waxing,Beauty,2025-11-02,120.16,2025-11
2172,C0054,Aisha,Hair Color,Hair,2025-11-11,460.07,2025-11
2173,C0252,Rania,Hair Color,Hair,2025-11-20,441.68,2025-11
2174,C0191,Rania,Hair Styling,Hair,2025-11-06,181.75,2025-11
2175,C0044,Aisha,Hair Styling,Hair,2025-11-13,214.25,2025-11
2176,C0180,Aisha,Facial,Skin Care,2025-11-14,251.2,2025-11
2177,C0016,Lina,Nails,Nails,2025-11-22,160.38,2025-11
2178,C0031,Nour,Nails,Nails,2025-11-10,131.31,2025-11
2179,C0234,Maya,Hair Color,Hair,2025-11-18,502.56,2025-11
2180,C0132,Aisha,Hair Styling,Hair,2025-11-04,199.35,2025-11
2181,C0237,Rania,Massage,Wellness,2025-11-04,352.21,2025-11
2182,C0230,Lina,Lashes,Beauty,2025-11-01,223.09,2025-11
2183,C0065,Aisha,Waxing,Beauty,2025-11-19,143.11,2025-11
2184,C0152,Sara,Nails,Nails,2025-11-03,163.66,2025-11
2185,C0238,Sara,Facial,Skin Care,2025-11-03,316.82,2025-11
2186,C0239,Nour,Hair Styling,Hair,2025-11-20,175.89,2025-11
2187,C0295,Rania,Hair Styling,Hair,2025-11-05,205.42,2025-11
2188,C0168,Nour,Nails,Nails,2025-11-21,177.69,2025-11
2189,C0012,Aisha,Hair Styling,Hair,2025-11-14,212.88,2025-11
2190,C0078,Maya,Nails,Nails,2025-11-07,151.84,2025-11
2191,C0287,Lina,Hair Styling,Hair,2025-11-12,190.01,2025-11
2192,C0209,Nour,Facial,Skin Care,2025-11-17,245.44,2025-11
2193,C0116,Maya,Hair Color,Hair,2025-11-16,426.01,2025-11
2194,C0053,Maya,Nails,Nails,2025-11-27,178.22,2025-11
2195,C0002,Nour,Nails,Nails,2025-11-28,174.27,2025-11
2196,C0254,Sara,Nails,Nails,2025-11-26,165.79,2025-11
2197,C0289,Lina,Nails,Nails,2025-11-16,171.85,2025-11
2198,C0067,Nour,Facial,Skin Care,2025-11-09,303.73,2025-11
2199,C0220,Sara,Hair Color,Hair,2025-11-23,407.85,2025-11
2200,C0215,Rania,Hair Styling,Hair,2025-11-05,155.78,2025-11
2201,C0047,Aisha,Nails,Nails,2025-11-19,170.91,2025-11
2202,C0005,Nour,Massage,Wellness,2025-11-02,332.0,2025-11
2203,C0133,Maya,Facial,Skin Care,2025-11-10,264.96,2025-11
2204,C0159,Sara,Facial,Skin Care,2025-11-08,319.61,2025-11
2205,C0289,Maya,Facial,Skin Care,2025-11-12,275.16,2025-11
2206,C0271,Maya,Waxing,Beauty,2025-11-27,122.84,2025-11
2207,C0172,Rania,Waxing,Beauty,2025-11-01,108.55,2025-11
2208,C0286,Maya,Hair Color,Hair,2025-11-17,462.54,2025-11
2209,C0134,Lina,Hair Styling,Hair,2025-11-16,213.03,2025-11
2210,C0060,Lina,Hair Styling,Hair,2025-11-18,161.44,2025-11
2211,C0109,Maya,Nails,Nails,2025-11-08,146.17,2025-11
2212,C0237,Rania,Nails,Nails,2025-11-18,139.29,2025-11
2213,C0107,Nour,Massage,Wellness,2025-11-10,261.76,2025-11
2214,C0118,Maya,Massage,Wellness,2025-11-24,309.6,2025-11
2215,C0051,Sara,Nails,Nails,2025-11-15,146.31,2025-11
2216,C0045,Nour,Hair Color,Hair,2025-11-17,465.37,2025-11
2217,C0062,Rania,Massage,Wellness,2025-11-01,265.96,2025-11
2218,C0277,Rania,Massage,Wellness,2025-11-07,330.84,2025-11
2219,C0163,Lina,Hair Styling,Hair,2025-11-13,177.55,2025-11
2220,C0173,Lina,Facial,Skin Care,2025-11-27,323.48,2025-11
2221,C0045,Maya,Waxing,Beauty,2025-11-02,130.91,2025-11
2222,C0178,Lina,Hair Color,Hair,2025-11-13,494.64,2025-11
2223,C0172,Rania,Nails,Nails,2025-11-10,153.8,2025-11
2224,C0029,Nour,Hair Styling,Hair,2025-11-03,179.23,2025-11
2225,C0076,Rania,Hair Color,Hair,2025-11-08,399.24,2025-11
2226,C0218,Maya,Nails,Nails,2025-11-24,164.2,2025-11
2227,C0006,Nour,Massage,Wellness,2025-11-03,351.33,2025-11
2228,C0233,Rania,Nails,Nails,2025-11-03,173.2,2025-11
2229,C0091,Aisha,Hair Styling,Hair,2025-11-12,156.55,2025-11
2230,C0083,Nour,Lashes,Beauty,2025-11-19,280.98,2025-11
2231,C0130,Sara,Facial,Skin Care,2025-11-04,279.58,2025-11
2232,C0095,Nour,Hair Styling,Hair,2025-11-18,184.97,2025-11
2233,C0013,Lina,Hair Styling,Hair,2025-11-20,172.72,2025-11
2234,C0175,Lina,Nails,Nails,2025-11-14,142.49,2025-11
2235,C0014,Lina,Hair Styling,Hair,2025-11-03,170.31,2025-11
2236,C0003,Lina,Nails,Nails,2025-11-21,171.94,2025-11
2237,C0257,Aisha,Hair Color,Hair,2025-11-11,466.29,2025-11
2238,C0142,Rania,Hair Color,Hair,2025-11-24,431.44,2025-11
2239,C0010,Nour,Massage,Wellness,2025-11-14,353.87,2025-11
2240,C0230,Maya,Hair Styling,Hair,2025-11-17,166.73,2025-11
2241,C0036,Sara,Nails,Nails,2025-11-21,153.69,2025-11
2242,C0285,Maya,Facial,Skin Care,2025-11-13,315.72,2025-11
2243,C0197,Maya,Lashes,Beauty,2025-11-14,276.89,2025-11
2244,C0262,Sara,Hair Color,Hair,2025-11-26,438.54,2025-11
2245,C0229,Rania,Nails,Nails,2025-11-12,141.58,2025-11
2246,C0255,Lina,Nails,Nails,2025-11-11,165.65,2025-11
2247,C0204,Sara,Facial,Skin Care,2025-11-04,238.92,2025-11
2248,C0182,Rania,Nails,Nails,2025-11-10,171.17,2025-11
2249,C0165,Maya,Hair Color,Hair,2025-11-07,362.3,2025-11
2250,C0196,Rania,Hair Color,Hair,2025-12-03,471.6,2025-12
2251,C0017,Aisha,Hair Color,Hair,2025-12-01,392.68,2025-12
2252,C0140,Aisha,Facial,Skin Care,2025-12-23,328.68,2025-12
2253,C0183,Rania,Lashes,Beauty,2025-12-08,243.6,2025-12
2254,C0113,Lina,Lashes,Beauty,2025-12-08,235.87,2025-12
2255,C0147,Maya,Hair Color,Hair,2025-12-24,384.23,2025-12
2256,C0209,Nour,Facial,Skin Care,2025-12-21,335.53,2025-12
2257,C0050,Sara,Nails,Nails,2025-12-13,164.02,2025-12
2258,C0288,Aisha,Facial,Skin Care,2025-12-08,301.42,2025-12
2259,C0032,Nour,Hair Styling,Hair,2025-12-13,168.93,2025-12
2260,C0001,Sara,Nails,Nails,2025-12-28,164.88,2025-12
2261,C0201,Rania,Facial,Skin Care,2025-12-04,278.64,2025-12
2262,C0196,Aisha,Massage,Wellness,2025-12-25,303.97,2025-12
2263,C0141,Sara,Lashes,Beauty,2025-12-10,277.15,2025-12
2264,C0142,Maya,Hair Styling,Hair,2025-12-24,169.35,2025-12
2265,C0165,Sara,Hair Color,Hair,2025-12-10,471.26,2025-12
2266,C0228,Nour,Hair Styling,Hair,2025-12-10,184.61,2025-12
2267,C0157,Sara,Lashes,Beauty,2025-12-16,271.87,2025-12
2268,C0016,Aisha,Waxing,Beauty,2025-12-25,126.14,2025-12
2269,C0284,Aisha,Lashes,Beauty,2025-12-07,248.32,2025-12
2270,C0238,Nour,Facial,Skin Care,2025-12-04,327.81,2025-12
2271,C0032,Lina,Waxing,Beauty,2025-12-22,112.29,2025-12
2272,C0063,Sara,Lashes,Beauty,2025-12-10,248.26,2025-12
2273,C0128,Lina,Lashes,Beauty,2025-12-09,283.83,2025-12
2274,C0154,Nour,Hair Styling,Hair,2025-12-09,155.74,2025-12
2275,C0149,Rania,Lashes,Beauty,2025-12-15,285.87,2025-12
2276,C0262,Sara,Nails,Nails,2025-12-23,145.14,2025-12
2277,C0142,Nour,Massage,Wellness,2025-12-05,331.48,2025-12
2278,C0107,Sara,Hair Color,Hair,2025-12-08,490.89,2025-12
2279,C0288,Rania,Hair Color,Hair,2025-12-06,461.69,2025-12
2280,C0220,Maya,Facial,Skin Care,2025-12-25,246.72,2025-12
2281,C0104,Maya,Lashes,Beauty,2025-12-17,276.76,2025-12
2282,C0296,Lina,Facial,Skin Care,2025-12-16,332.51,2025-12
2283,C0063,Nour,Lashes,Beauty,2025-12-20,290.49,2025-12
2284,C0284,Maya,Hair Color,Hair,2025-12-27,502.61,2025-12
2285,C0221,Aisha,Lashes,Beauty,2025-12-26,221.27,2025-12
2286,C0009,Rania,Hair Color,Hair,2025-12-04,483.74,2025-12
2287,C0032,Rania,Hair Styling,Hair,2025-12-25,188.18,2025-12
2288,C0144,Rania,Massage,Wellness,2025-12-20,350.58,2025-12
2289,C0166,Lina,Hair Styling,Hair,2025-12-17,173.67,2025-12
2290,C0022,Sara,Nails,Nails,2025-12-14,135.37,2025-12
2291,C0160,Nour,Hair Color,Hair,2025-12-18,361.34,2025-12
2292,C0186,Lina,Waxing,Beauty,2025-12-25,127.41,2025-12
2293,C0001,Aisha,Hair Styling,Hair,2025-12-15,181.04,2025-12
2294,C0161,Maya,Lashes,Beauty,2025-12-01,239.74,2025-12
2295,C0218,Rania,Hair Styling,Hair,2025-12-15,172.12,2025-12
2296,C0045,Rania,Facial,Skin Care,2025-12-16,246.11,2025-12
2297,C0280,Sara,Massage,Wellness,2025-12-24,260.66,2025-12
2298,C0053,Sara,Hair Styling,Hair,2025-12-24,158.76,2025-12
2299,C0249,Rania,Hair Color,Hair,2025-12-02,432.18,2025-12
2300,C0092,Sara,Lashes,Beauty,2025-12-20,246.37,2025-12
2301,C0297,Sara,Hair Color,Hair,2025-12-23,463.31,2025-12
2302,C0134,Maya,Massage,Wellness,2025-12-27,337.6,2025-12
2303,C0117,Nour,Facial,Skin Care,2025-12-28,286.2,2025-12
2304,C0114,Lina,Facial,Skin Care,2025-12-14,255.4,2025-12
2305,C0231,Aisha,Facial,Skin Care,2025-12-15,319.5,2025-12
2306,C0162,Nour,Nails,Nails,2025-12-03,137.28,2025-12
2307,C0280,Sara,Nails,Nails,2025-12-19,159.84,2025-12
2308,C0147,Rania,Lashes,Beauty,2025-12-17,250.9,2025-12
2309,C0047,Rania,Facial,Skin Care,2025-12-14,269.83,2025-12
2310,C0042,Nour,Hair Styling,Hair,2025-12-17,189.76,2025-12
2311,C0189,Sara,Massage,Wellness,2025-12-14,342.68,2025-12
2312,C0123,Lina,Hair Styling,Hair,2025-12-27,210.61,2025-12
2313,C0083,Sara,Waxing,Beauty,2025-12-17,103.35,2025-12
2314,C0132,Aisha,Hair Styling,Hair,2025-12-22,201.07,2025-12
2315,C0287,Lina,Massage,Wellness,2025-12-11,289.93,2025-12
2316,C0021,Rania,Nails,Nails,2025-12-21,156.91,2025-12
2317,C0231,Sara,Hair Color,Hair,2025-12-08,383.03,2025-12
2318,C0087,Sara,Hair Styling,Hair,2025-12-16,199.37,2025-12
2319,C0241,Lina,Facial,Skin Care,2025-12-25,303.88,2025-12
2320,C0282,Sara,Waxing,Beauty,2025-12-01,139.59,2025-12
2321,C0286,Nour,Hair Color,Hair,2025-12-20,402.75,2025-12
2322,C0067,Rania,Hair Styling,Hair,2025-12-12,211.08,2025-12
2323,C0200,Nour,Facial,Skin Care,2025-12-27,312.88,2025-12
2324,C0121,Nour,Hair Styling,Hair,2025-12-04,200.7,2025-12
2325,C0276,Sara,Nails,Nails,2025-12-05,174.95,2025-12
2326,C0146,Sara,Nails,Nails,2025-12-16,151.0,2025-12
2327,C0207,Nour,Hair Styling,Hair,2025-12-27,191.34,2025-12
2328,C0020,Maya,Facial,Skin Care,2025-12-13,304.76,2025-12
2329,C0165,Maya,Waxing,Beauty,2025-12-13,136.37,2025-12
2330,C0243,Sara,Facial,Skin Care,2025-12-22,267.76,2025-12
2331,C0225,Maya,Facial,Skin Care,2025-12-15,294.67,2025-12
2332,C0024,Rania,Facial,Skin Care,2025-12-15,292.58,2025-12
2333,C0274,Sara,Nails,Nails,2025-12-17,128.39,2025-12
2334,C0039,Sara,Lashes,Beauty,2025-12-08,232.36,2025-12
2335,C0180,Aisha,Hair Color,Hair,2025-12-27,428.56,2025-12
2336,C0049,Sara,Nails,Nails,2025-12-17,141.44,2025-12
2337,C0190,Rania,Hair Styling,Hair,2025-12-02,214.24,2025-12
2338,C0105,Lina,Nails,Nails,2025-12-23,145.41,2025-12
2339,C0147,Rania,Hair Color,Hair,2025-12-17,381.64,2025-12
2340,C0295,Aisha,Lashes,Beauty,2025-12-14,255.56,2025-12
2341,C0027,Maya,Hair Styling,Hair,2025-12-21,191.59,2025-12
2342,C0239,Nour,Hair Color,Hair,2025-12-24,487.93,2025-12
2343,C0230,Aisha,Hair Styling,Hair,2025-12-24,205.75,2025-12
2344,C0041,Sara,Lashes,Beauty,2025-12-24,299.43,2025-12
2345,C0084,Rania,Nails,Nails,2025-12-24,160.32,2025-12
2346,C0136,Nour,Facial,Skin Care,2025-12-26,292.24,2025-12
2347,C0178,Lina,Nails,Nails,2025-12-14,160.31,2025-12
2348,C0018,Nour,Waxing,Beauty,2025-12-21,137.49,2025-12
2349,C0028,Nour,Hair Color,Hair,2025-12-08,364.81,2025-12
2350,C0201,Aisha,Hair Color,Hair,2025-12-03,410.84,2025-12
2351,C0140,Lina,Nails,Nails,2025-12-18,170.05,2025-12
2352,C0052,Aisha,Nails,Nails,2025-12-17,175.56,2025-12
2353,C0256,Lina,Nails,Nails,2025-12-25,173.37,2025-12
2354,C0015,Maya,Hair Color,Hair,2025-12-15,426.92,2025-12
2355,C0168,Maya,Lashes,Beauty,2025-12-06,253.57,2025-12
2356,C0273,Rania,Lashes,Beauty,2025-12-12,253.67,2025-12
2357,C0047,Sara,Facial,Skin Care,2025-12-19,286.49,2025-12
2358,C0146,Nour,Hair Styling,Hair,2025-12-13,179.64,2025-12
2359,C0043,Sara,Hair Color,Hair,2025-12-08,359.73,2025-12
2360,C0023,Lina,Lashes,Beauty,2025-12-19,279.23,2025-12
2361,C0051,Maya,Lashes,Beauty,2025-12-08,264.82,2025-12
2362,C0139,Nour,Nails,Nails,2025-12-08,178.0,2025-12
2363,C0072,Maya,Facial,Skin Care,2025-12-06,333.65,2025-12
2364,C0125,Nour,Waxing,Beauty,2025-12-06,143.01,2025-12
2365,C0023,Maya,Hair Styling,Hair,2025-12-15,197.44,2025-12
2366,C0264,Rania,Lashes,Beauty,2025-12-13,296.94,2025-12
2367,C0251,Maya,Facial,Skin Care,2025-12-17,284.35,2025-12
2368,C0213,Nour,Hair Color,Hair,2025-12-20,395.48,2025-12
2369,C0083,Nour,Facial,Skin Care,2025-12-03,301.47,2025-12
2370,C0106,Nour,Hair Color,Hair,2025-12-27,479.22,2025-12
2371,C0262,Aisha,Nails,Nails,2025-12-19,145.16,2025-12
2372,C0155,Nour,Massage,Wellness,2025-12-05,271.81,2025-12
2373,C0280,Nour,Waxing,Beauty,2025-12-21,141.12,2025-12
2374,C0247,Rania,Lashes,Beauty,2025-12-09,293.21,2025-12
2375,C0081,Sara,Nails,Nails,2025-12-11,173.35,2025-12
2376,C0139,Rania,Hair Color,Hair,2025-12-13,432.63,2025-12
2377,C0105,Maya,Hair Styling,Hair,2025-12-05,213.13,2025-12
2378,C0298,Lina,Hair Color,Hair,2025-12-28,423.35,2025-12
2379,C0028,Maya,Massage,Wellness,2025-12-27,264.31,2025-12
2380,C0001,Rania,Facial,Skin Care,2025-12-21,242.76,2025-12
2381,C0183,Aisha,Nails,Nails,2025-12-15,149.0,2025-12
2382,C0217,Nour,Lashes,Beauty,2025-12-01,270.88,2025-12
2383,C0087,Lina,Hair Styling,Hair,2025-12-14,213.2,2025-12
2384,C0053,Lina,Facial,Skin Care,2025-12-12,324.55,2025-12
2385,C0102,Lina,Lashes,Beauty,2025-12-28,260.12,2025-12
2386,C0250,Maya,Waxing,Beauty,2025-12-06,107.37,2025-12
2387,C0013,Maya,Lashes,Beauty,2025-12-19,212.81,2025-12
2388,C0213,Aisha,Nails,Nails,2025-12-17,143.12,2025-12
2389,C0226,Sara,Nails,Nails,2025-12-24,176.87,2025-12
2390,C0054,Nour,Hair Styling,Hair,2025-12-13,202.78,2025-12
2391,C0122,Sara,Hair Color,Hair,2025-12-17,497.48,2025-12
2392,C0244,Nour,Hair Color,Hair,2025-12-25,417.87,2025-12
2393,C0286,Maya,Hair Color,Hair,2025-12-13,447.18,2025-12
2394,C0050,Rania,Hair Styling,Hair,2025-12-25,162.26,2025-12
2395,C0094,Aisha,Nails,Nails,2025-12-06,145.9,2025-12
2396,C0098,Rania,Hair Styling,Hair,2025-12-17,197.4,2025-12
2397,C0068,Aisha,Massage,Wellness,2025-12-02,309.7,2025-12
